Plant Code,geometry,Distance,capacity_factor,wind_speed
1,POINT (-160.497222 55.339722),35.76614520810047,0.19,5.04
57187,POINT (-152.4406 57.7869),28.534824767936254,0.19,5.04
57935,POINT (-148.9 64.058333),28.010657949590335,0.19,5.04
58425,POINT (-150.243611 61.13),27.74864865487156,0.19,5.04
58511,POINT (-145.596667 64.013889),25.264146631955743,0.19,5.04
6304,POINT (-162.556944 66.837778),41.31878383364219,0.19,5.04
90,POINT (-165.429814 64.505331),43.03029923492909,0.19,5.04
10005,POINT (-121.1708 37.0478),0.005941289422338154,0.386,6.73
10191,POINT (-118.389722 35.060556),0.011012756285316451,0.402,8.65
10586,POINT (-118.3158 35.075),0.002527620422447589,0.518,9.99
10597,POINT (-118.3167 35.0697),0.007444048965448947,0.518,9.99
54931,POINT (-118.3153 35.074),0.0029619022603699784,0.518,9.99
10718,POINT (-116.56222 33.92194),0.009517007933167508,0.504,10.42
50276,POINT (-116.5631 33.9131),0.006402624461884076,0.504,10.42
54454,POINT (-116.573906 33.918395),0.005692988406797092,0.504,10.42
55719,POINT (-116.5642 33.9211),0.007544879058008901,0.504,10.42
10823,POINT (-70.962778 42.353333),0.005576641372719661,0.472,7.37
1172,POINT (-92.810556 43.279722),0.0055499774774298415,0.432,7.41
1998,POINT (-94.9434 43.9405),0.1153179035883068,0.482,8.17
2022,POINT (-95.053236 45.121705),0.018223593416229117,0.47,7.24
2024,POINT (-95.609234 43.63349),0.011526175861928285,0.457,7.93
2240,POINT (-96.4623 41.4281),0.20971739609769466,0.439,7.82
50281,POINT (-116.615 33.926111),0.01718490314201153,0.532,10.61
56012,POINT (-116.617778 33.925),0.01716194269307087,0.532,10.61
50532,POINT (-118.3833 35.0686),0.00870247424587332,0.509,9.02
58395,POINT (-118.39 35.065),0.012153174811542985,0.509,9.02
50535,POINT (-116.6769 33.9461),0.006885982645923559,0.535,10.11
50552,POINT (-116.71026 33.914986),0.008083400893189468,0.588,10.66
50553,POINT (-116.460278 33.881667),0.05687431800909445,0.363,6.88
50690,POINT (-116.5781 33.934),0.003547768312622108,0.485,10.02
50754,POINT (-118.276388 35.043889),0.004347699276630164,0.524,10.61
60594,POINT (-118.28273 35.046061),0.002777709308049291,0.524,10.61
508,POINT (-102.537915 38.033327),0.002113017037322139,0.353,7.24
50820,POINT (-116.541515 33.890913),0.007913521213718645,0.478,9.98
57459,POINT (-116.5527 33.8816),0.0163390086602565,0.478,9.98
50821,POINT (-118.2642 35.045),0.00858973020530661,0.526,10.77
52142,POINT (-118.2572 35.0506),0.0014780612301279511,0.526,10.77
54647,POINT (-118.2572 35.05),0.0018669400097534544,0.526,10.77
52162,POINT (-118.3372 35.1011),0.011917861091654085,0.391,7.59
52163,POINT (-118.3372 35.1011),0.011917861091654085,0.391,7.59
54298,POINT (-118.3417 35.0583),0.013054794713053368,0.55,9.51
57774,POINT (-118.354722 35.054167),0.006661235020624135,0.55,9.51
54299,POINT (-118.3417 35.075),0.007252879703956892,0.501,9.77
54750,POINT (-118.339444 35.0663),0.006631025863324678,0.501,9.77
54300,POINT (-118.3083 35.0583),0.0009199483681149804,0.534,10.47
54453,POINT (-121.8333 38.1167),0.007073644746530632,0.452,7.25
54650,POINT (-116.661 33.942),0.01087032069443889,0.568,10.5
54686,POINT (-118.1714 35.0506),0.006126056643550273,0.443,8.44
54793,POINT (-95.405 42.6878),0.003900248710015613,0.457,8.03
54909,POINT (-118.3114 35.1061),0.012723989940270785,0.464,8.43
54979,POINT (-101.388333 32.2075),0.011506247085828057,0.455,8.1
55125,POINT (-118.65999 45.936157),0.021939542497508697,0.377,7.34
55208,POINT (-96.375 44.2917),0.002970985863315663,0.486,8.4
55265,POINT (-96.116971 44.129369),0.0028209023379021088,0.498,8.57
55287,POINT (-95.405 42.8417),0.00174805177268553,0.457,8.01
55342,POINT (-96.078611 43.985833),0.014517095646170668,0.466,8.14
55353,POINT (-96.428367 44.39956),0.005866904209202241,0.467,8.24
55566,POINT (-96.4325 44.4131),0.008290514218074562,0.467,8.24
55354,POINT (-96.434694 44.421711),0.004853035338835112,0.465,8.19
55561,POINT (-96.4347 44.42),0.005793780544695115,0.465,8.19
55562,POINT (-96.4358 44.4289),0.007524605836858462,0.465,8.19
55564,POINT (-96.43 44.4278),0.00404399468347695,0.465,8.19
55565,POINT (-96.4411 44.4233),0.010812090130972299,0.465,8.19
55368,POINT (-78.243792 42.678819),0.011476746446622025,0.489,8.42
55396,POINT (-116.7167 33.9014),0.007002340894305297,0.54,9.66
55560,POINT (-118.917 46.06),0.06293777874218465,0.387,7.45
55563,POINT (-96.4458 44.4231),0.010575480320059536,0.48,8.21
55567,POINT (-96.1989 44.2081),0.008239763164074083,0.492,8.5
55568,POINT (-96.2789 44.2258),0.008800009545443011,0.493,8.48
55569,POINT (-96.2383 44.2358),0.008944271518696398,0.5,8.61
55570,POINT (-96.2331 44.2364),0.012276363671703728,0.487,8.45
55574,POINT (-96.225 44.2297),0.009359108130582,0.487,8.45
55571,POINT (-96.2131 44.2128),0.01028037766815525,0.495,8.53
55572,POINT (-96.2192 44.2275),0.008163012005379725,0.495,8.53
55573,POINT (-96.235 44.2253),0.013217187635807323,0.502,8.59
55576,POINT (-96.4356 47.0053),0.12083704988537497,0.408,7.37
55579,POINT (-101.2533 35.4677),0.011246681021533672,0.512,8.86
55581,POINT (-102.2417 31.2092),0.010339177917019665,0.421,7.95
55607,POINT (-106.2013 41.6283),0.008103432914511596,0.509,10.6
55734,POINT (-100.378197 37.613256),0.022519906305315175,0.516,8.4
55739,POINT (-120.2794 45.2766),0.011490922069182445,0.343,7.16
55740,POINT (-106.1077 41.7172),0.009565933357489537,0.462,9.96
55741,POINT (-103.162028 40.945911),0.011562527405382515,0.409,8.03
55742,POINT (-90.386667 42.9625),0.004235407182311708,0.473,7.65
55747,POINT (-102.201433 30.931467),0.007418395850858669,0.47,9.4
55769,POINT (-75.451666 42.894722),0.008103695515017419,0.429,7.84
55782,POINT (-95.853447 43.754739),0.018613130956398907,0.484,8.36
55790,POINT (-75.762536 42.988989),0.011529007329336972,0.47,8.37
55795,POINT (-102.414067 30.9514),0.009134480007090185,0.427,7.91
55796,POINT (-102.414067 30.9514),0.009134480007090185,0.427,7.91
55803,POINT (-79.012778 39.979167),0.008859292578982714,0.464,8.34
55804,POINT (-93.4167 43.3833),0.01032824036319037,0.442,7.8
55805,POINT (-79.393644 39.913408),0.00914848271572095,0.485,8.49
55809,POINT (-96.1125 44.0119),0.004974181440203193,0.476,8.26
56206,POINT (-96.1183 44.0197),0.005181783573252087,0.476,8.26
55816,POINT (-93.4775 43.047222),0.03813808815344595,0.447,7.88
63287,POINT (-93.453642 43.061204),0.015342300218669532,0.447,7.88
55871,POINT (-120.5507 45.5563),0.003310083533688787,0.43,7.9
55944,POINT (-84.7381 45.7644),0.010166639611988645,0.478,7.32
55968,POINT (-100.235652 32.4301),0.006527585847771359,0.523,9.01
55980,POINT (-95.950556 43.899722),0.011223941776390318,0.478,8.32
55981,POINT (-95.955885 43.9204),0.005503600457889378,0.471,8.25
55986,POINT (-79.5372 39.1828),0.009489276684763756,0.462,8.48
55989,POINT (-118.816246 46.01279),0.01293136531847617,0.398,7.43
55992,POINT (-102.0867 30.9178),0.011196307471662,0.491,8.67
55995,POINT (-101.280517 48.021271),0.007572445972076985,0.48,8.38
56001,POINT (-75.4542 41.5533),0.0054086449319591615,0.513,8.07
56002,POINT (-96.303611 43.5564),0.011055700882353891,0.423,7.64
56010,POINT (-93.629956 43.052758),0.027797939006337927,0.437,7.76
56011,POINT (-116.735 33.9172),0.005787073958395063,0.582,10.35
56052,POINT (-79.002047 39.790739),0.004581407753084157,0.438,8.06
56054,POINT (-92.851078 43.978486),0.011142933410916335,0.455,7.99
56075,POINT (-121.8053 38.1381),0.005013650366757049,0.487,7.7
56081,POINT (-98.577311 34.850781),0.007360374039410506,0.555,9.06
56092,POINT (-99.5 44.5492),0.015306237715391451,0.439,7.89
56093,POINT (-110.5556 41.2874),0.004860977885157795,0.387,7.74
56094,POINT (-99.340047 36.603967),0.005627929814772121,0.499,8.56
56097,POINT (-104.04733 34.63566),0.048881762652338144,0.378,7.66
56099,POINT (-98.898356 46.327169),0.0026158080969263817,0.486,8.39
56106,POINT (-103.6983 41.2736),0.014094189050811029,0.404,8.0
56111,POINT (-101.147784 32.94793),0.007335700443722176,0.445,8.79
56112,POINT (-116.5914 33.9141),0.014987312133938769,0.522,10.51
56123,POINT (-96.391944 43.6383),0.007665024592272832,0.409,7.48
56142,POINT (-96.0446 44.011),0.006938022917232259,0.49,8.47
56153,POINT (-96.011809 43.983462),0.005928684508388599,0.487,8.4
56160,POINT (-89.0492 41.7194),0.008764023391110778,0.422,7.65
56162,POINT (-99.8917 42.4489),0.0085617466675909,0.476,8.41
56172,POINT (-95.2997 43.3897),0.009528848933629985,0.434,7.76
56173,POINT (-102.6231 37.7033),0.007666718854895636,0.464,8.49
56174,POINT (-96.0667 44.0667),0.004465558979564152,0.49,8.47
56195,POINT (-118.591 45.943),0.012668317212648968,0.389,7.24
57137,POINT (-118.591 45.943),0.012668317212648968,0.389,7.24
56199,POINT (-96.2236 43.9897),0.007285501218173372,0.467,8.14
56200,POINT (-96.2186 43.9931),0.003280994971045647,0.467,8.14
56203,POINT (-96.215556 43.988611),0.008683493363846832,0.467,8.14
56201,POINT (-96.219444 43.984444),0.007036503179853848,0.466,8.11
56202,POINT (-96.223333 43.980278),0.004433064177296337,0.466,8.11
56204,POINT (-96.0736 44.0364),0.009306361963734473,0.489,8.45
56205,POINT (-96.0789 44.0236),0.014639063153082863,0.484,8.37
56207,POINT (-95.368611 43.651389),0.0278202949840611,0.466,8.11
56208,POINT (-95.3825 43.651389),0.015078700806113664,0.466,8.11
56210,POINT (-95.3755 43.651389),0.021322035972207002,0.466,8.11
56209,POINT (-96.0933 44.05),0.0033374397372821565,0.483,8.37
56211,POINT (-100.3389 32.3606),0.00704764648659171,0.508,8.94
56212,POINT (-100.3703 32.3472),0.006388780321778244,0.52,8.99
56215,POINT (-95.6333 43.4),0.004792045492271444,0.44,7.82
56225,POINT (-101.3278 36.4725),0.015685639929559455,0.46,8.24
56226,POINT (-83.7383 41.3786),0.004915162764344406,0.411,7.01
56240,POINT (-100.061589 32.311556),0.012843972944540677,0.53,9.13
56251,POINT (-95.3283 42.5539),0.007545274680226273,0.445,7.88
56252,POINT (-93.6369 42.5644),0.0084890424666167,0.456,7.99
56255,POINT (-117.8331 46.4211),0.013658209875378769,0.437,7.94
56270,POINT (-100.021667 32.303889),0.016553025493848583,0.531,9.08
56271,POINT (-121.614392 37.763653),0.003139294506733861,0.438,7.74
56273,POINT (-98.7346 35.5094),0.007028672207464745,0.509,8.71
56275,POINT (-118.3952 35.0925),0.006086329764313422,0.38,7.64
56276,POINT (-118.3811 35.0772),0.003921731505345776,0.446,8.43
56290,POINT (-75.5753 43.7853),0.003423174111845243,0.437,7.91
56291,POINT (-100.05712 32.214024),0.01021841695176561,0.488,8.51
56293,POINT (-103.353889 34.980556),0.0030795330814997897,0.474,9.65
56295,POINT (-116.3425 32.705556),0.0062946391477203475,0.428,7.92
59328,POINT (-116.354587 32.702107),0.0070448239154658416,0.428,7.92
56296,POINT (-94.8499 43.7938),0.008628067338629702,0.46,7.99
56297,POINT (-89.5708 41.25),0.011576814976486854,0.439,7.83
56299,POINT (-75.753056 41.235278),0.03650733504379708,0.49,8.1
56300,POINT (-74.4475 39.382222),0.0035965608572649543,0.398,7.41
56301,POINT (-111.8294 43.4195),0.004033208400278695,0.414,7.5
56302,POINT (-118.292406 35.06094),0.006972550824474968,0.546,10.9
56303,POINT (-96.5503 37.5797),0.005550973338069738,0.516,8.81
56304,POINT (-103.8604 33.9716),0.004834638869659499,0.381,8.44
56307,POINT (-92.724139 43.554778),0.0019648880375241016,0.438,7.58
56308,POINT (-114.949444 42.858056),0.004466008732640148,0.337,6.8
56311,POINT (-100.4219 32.290833),0.031861606393901766,0.507,8.76
56320,POINT (-102.9647 40.983),0.00936339361555662,0.403,7.89
56322,POINT (-120.206494 47.036269),0.0030278325581155137,0.417,8.07
56335,POINT (-98.6056 34.8661),0.009867479212042203,0.487,9.1
56336,POINT (-105.0108 34.8147),0.012200789031857088,0.39,8.72
56337,POINT (-100.5303 32.3122),0.027203019703707764,0.492,8.61
56338,POINT (-88.7989 40.4792),0.007939276037521509,0.411,7.53
56614,POINT (-88.7989 40.4792),0.007939276037521509,0.411,7.53
56347,POINT (-88.329742 43.692647),0.0020787852221837615,0.497,7.78
56351,POINT (-99.7528 37.8641),0.006480671878746056,0.515,8.45
56355,POINT (-93.206389 42.630513),0.07516601158102526,0.45,7.94
56357,POINT (-100.7333 47.1167),0.011642177846084312,0.469,8.23
56359,POINT (-120.593 45.571),0.008786423219949518,0.443,8.11
56360,POINT (-120.209783 45.652457),0.005654839078167417,0.386,7.12
56361,POINT (-120.2896 45.8877),0.006796814695122499,0.38,7.4
56362,POINT (-121.85 38.12),0.010090091178973047,0.438,7.14
56369,POINT (-79.138 39.85),0.0064896200967424714,0.494,8.82
56371,POINT (-104.0206 40.8944),0.01480640597849231,0.418,8.24
56372,POINT (-100.4833 32.236944),0.09831290854206243,0.477,8.41
56376,POINT (-90.8461 39.6189),0.010829344670846834,0.457,7.5
56377,POINT (-109.7531 46.5725),0.012672507762866882,0.395,7.76
56378,POINT (-155.6914 18.9742),37.38466410202751,0.456,8.91
56447,POINT (-155.850382 20.257252),36.88985721294948,0.456,8.91
56449,POINT (-156.551 20.81421),37.24691171629675,0.456,8.91
57082,POINT (-156.536 20.79467),37.24258313165838,0.456,8.91
57996,POINT (-156.318 20.596),37.141546501935345,0.456,8.91
56379,POINT (-95.1292 42.1169),0.01606166358133732,0.452,7.95
56380,POINT (-99.601869 36.637733),0.056613089166724216,0.465,8.24
56383,POINT (-93.2978 43.3608),0.006568708396636544,0.442,7.8
56386,POINT (-93.3208 43.3597),0.008780297773997503,0.444,7.82
56391,POINT (-88.2708 43.8794),0.007003894059734961,0.442,7.69
56392,POINT (-101.197716 47.152847),0.008218063336335405,0.481,8.39
56573,POINT (-101.197716 47.152847),0.008218063336335405,0.481,8.39
56394,POINT (-101.22 32.039),0.08368414488420246,0.479,8.47
56395,POINT (-99.4928 32.6256),0.008471911531647969,0.496,8.62
56399,POINT (-72.1455 43.233),0.011692382178147063,0.512,8.55
56408,POINT (-89.6236 41.3017),0.008088251232497358,0.426,7.67
56409,POINT (-96.4303 44.0256),0.029693883040119398,0.419,7.61
56410,POINT (-96.4369 44.0247),0.03632269937655621,0.419,7.61
56411,POINT (-96.4367 44.015),0.0394485980739521,0.419,7.61
56412,POINT (-96.4406 44.0211),0.040819802669788505,0.419,7.61
56413,POINT (-96.4331 44.0208),0.03380744725648216,0.419,7.61
56414,POINT (-95.175 44.502778),0.08208898293923989,0.439,7.42
56415,POINT (-94.446667 43.575),0.0016109053355182505,0.447,7.83
56416,POINT (-82.9633 43.7092),0.01164425566534508,0.473,7.65
56424,POINT (-92.59882 43.61407),0.008603380091569439,0.454,7.96
56432,POINT (-102.303056 35.291944),0.006813755498992334,0.44,9.06
56433,POINT (-118.175356 35.248006),0.011919588793249426,0.468,9.42
56434,POINT (-113.926605 42.490341),0.026391360953916802,0.352,6.71
56435,POINT (-113.925536 42.436804),0.033160730827283616,0.352,6.71
56437,POINT (-114.017297 42.460629),0.008545004212989505,0.355,6.58
56439,POINT (-114.989722 42.840556),0.005416571332496057,0.35,6.94
56440,POINT (-114.998611 42.7975),0.006515889655301641,0.345,6.92
57126,POINT (-114.988611 42.770833),0.02905977888765973,0.345,6.92
56441,POINT (-114.989167 42.681944),0.00440088082093137,0.341,6.9
56442,POINT (-114.967778 42.870278),0.01283234807040371,0.345,6.82
56443,POINT (-114.969342 42.836854),0.021556870505705657,0.352,6.95
56446,POINT (-121.6672 37.805),0.007311146148171481,0.401,7.28
56448,POINT (-67.8111 46.54422),0.002324385940417046,0.478,8.12
56450,POINT (-89.173056 41.643611),0.0086737859092838,0.458,7.41
56451,POINT (-78.579444 40.383889),0.005546367820483437,0.527,9.18
56457,POINT (-101.219397 32.92544),0.002877503431802869,0.465,8.3
56459,POINT (-96.3444 44.2667),0.010731553941536645,0.499,8.58
56460,POINT (-102.8622 37.6735),0.010684203386312475,0.47,8.6
56466,POINT (-117.7772 46.3747),0.006761776098039793,0.458,8.26
56468,POINT (-120.5042 45.5836),0.0057494676275281235,0.435,7.96
56470,POINT (-76.1292 40.855),0.004919695925564064,0.465,8.27
56479,POINT (-101.302637 31.991442),0.03868203620545172,0.469,8.41
56483,POINT (-99.6564 32.5144),0.11813513008839209,0.477,8.37
56484,POINT (-100.176986 32.318221),0.004195069129344737,0.534,9.21
56485,POINT (-120.603414 45.653745),0.00688298430915017,0.441,7.94
56487,POINT (-120.341883 45.815467),0.006386075868627322,0.447,8.2
57152,POINT (-120.3475 45.8131),0.012358282121709257,0.447,8.2
56488,POINT (-98.160159 38.879936),0.009883143325881688,0.469,8.31
56493,POINT (-84.344168 36.127092),0.010025763861170798,0.424,7.75
7927,POINT (-84.338733 36.120994),0.0046085323043304725,0.424,7.75
56494,POINT (-92.6272 43.6861),0.012114100957153633,0.453,7.99
56495,POINT (-79.2094 39.2175),0.003191662419495827,0.499,9.67
56501,POINT (-94.7467 42.5842),0.009242536718885988,0.457,7.98
56506,POINT (-100.9952 32.7204),0.010547400912071337,0.421,7.82
56536,POINT (-95.4683 40.4535),0.011459297098866674,0.422,7.59
56537,POINT (-94.6722 40.2572),0.006881778839802917,0.417,7.57
56538,POINT (-95.54 40.4144),0.01688455166713875,0.423,7.54
56543,POINT (-95.9222 43.9358),0.013512009806095814,0.455,8.03
56544,POINT (-95.1306 43.9578),0.07235654132143118,0.503,8.54
56555,POINT (-94.4869 40.1006),0.00216808878969315,0.441,7.82
56560,POINT (-101.3864 36.4144),0.003344532403788823,0.471,8.39
56561,POINT (-101.8761 36.4453),0.05237738001274376,0.452,8.21
56562,POINT (-101.8222 36.4669),0.005908158511756264,0.452,8.21
56563,POINT (-103.436 40.986),0.04105859190230489,0.4,8.02
56570,POINT (-118.3789 35.1161),0.0047580887969811275,0.398,7.11
56575,POINT (-78.8675 42.8167),0.009501421419987903,0.373,6.89
56577,POINT (-96.1361 44.1508),0.008709694024472957,0.502,8.62
56580,POINT (-94.1536 43.6558),0.05757200944903703,0.435,7.7
56581,POINT (-94.1564 43.6558),0.055985872075011434,0.435,7.7
57289,POINT (-94.191944 43.612222),0.00575113936538962,0.435,7.7
56586,POINT (-95.78 43.5811),0.005546757070577854,0.447,7.93
56587,POINT (-95.7781 43.5833),0.004641800728169828,0.447,7.93
56588,POINT (-95.776111 43.586111),0.005423567091870226,0.447,7.93
56589,POINT (-95.775833 43.581111),0.007792467388443352,0.447,7.93
56590,POINT (-95.780278 43.586111),0.0012879025584314027,0.447,7.93
56591,POINT (-111.4392 47.4983),0.0066929386669868935,0.389,7.51
56592,POINT (-100.6481 32.3983),0.014392643433369769,0.459,8.19
56593,POINT (-100.6664 32.4694),0.009741291136187791,0.462,8.24
56594,POINT (-75.5697 42.9086),0.007494669372295154,0.388,7.36
56602,POINT (-100.738949 32.739294),0.012886610182663715,0.482,8.49
56605,POINT (-98.315 48.63),0.0201671255760425,0.473,8.2
56912,POINT (-98.3164 48.6292),0.02037252448765246,0.473,8.2
57033,POINT (-98.3169 48.6303),0.019167789491747154,0.473,8.2
56607,POINT (-101.269189 47.933621),0.00678264587015739,0.495,8.52
56608,POINT (-98.7875 43.886389),0.02114559552246757,0.49,8.47
56613,POINT (-103.259 40.941),0.03862730756861405,0.425,8.32
56617,POINT (-96.018333 43.852778),0.044554924755848574,0.475,8.26
56618,POINT (-74.0061 44.8914),0.012780160953611548,0.487,7.9
56619,POINT (-74.0061 44.8914),0.012780160953611548,0.487,7.9
56620,POINT (-78.3047 42.5367),0.04187772335024045,0.486,8.01
56621,POINT (-99.500556 36.640278),0.008706592042809711,0.481,8.3
56622,POINT (-89.5572 41.2294),0.005195642501176431,0.435,7.75
56623,POINT (-117.816273 45.085221),0.011435069042204494,0.429,7.82
56624,POINT (-95.4253 43.6183),0.005686941181340478,0.465,8.08
56625,POINT (-95.4169 43.6292),0.008140374684245118,0.465,8.08
56626,POINT (-95.4172 43.6181),0.005936303563668473,0.465,8.08
56627,POINT (-95.4314 43.6247),0.010340391675368987,0.465,8.08
56628,POINT (-95.3833 43.5958),0.01475294526526732,0.463,8.05
56630,POINT (-92.5917 47.5747),0.0049114661762060625,0.483,7.75
56633,POINT (-77.4967 42.5456),0.00742214443406197,0.362,7.07
56634,POINT (-77.52 42.45),0.016131514281055605,0.507,8.15
56635,POINT (-83.2064 43.83),0.007830800980741116,0.394,7.34
56636,POINT (-115.4656 43.0272),0.014831247081759811,0.325,6.67
57428,POINT (-115.463289 43.006133),0.03301757962056285,0.325,6.67
57444,POINT (-115.482592 43.033781),0.005384049126815643,0.325,6.67
56637,POINT (-115.4803 43.0536),0.003480869000700683,0.319,6.62
57430,POINT (-115.452025 43.056622),0.031853786274160856,0.319,6.62
56638,POINT (-100.1 32.2878),0.0070454833758823035,0.529,9.04
56640,POINT (-89.639811 41.090583),0.008627194967083522,0.419,7.58
56644,POINT (-101.8367 32.2353),0.05037832734420151,0.419,7.91
56645,POINT (-95.4167 43.4303),0.00877818688567703,0.451,7.93
56913,POINT (-95.4167 43.4303),0.00877818688567703,0.451,7.93
56647,POINT (-88.481111 43.400278),0.012611579599717319,0.463,8.03
56648,POINT (-101.53 35.3919),0.013753040245703493,0.485,8.57
56649,POINT (-100.1286 32.4081),0.0355620866091943,0.437,8.11
56650,POINT (-98.590833 44.0025),0.022759321716607245,0.493,8.48
56651,POINT (-78.5436 40.4381),0.02589851665636542,0.554,9.68
56654,POINT (-121.8036 40.8981),0.004324583795003262,0.385,7.88
56659,POINT (-82.746944 43.663056),0.007371120538967031,0.491,7.88
57852,POINT (-82.758611 43.67),0.010324447152276291,0.491,7.88
56661,POINT (-97.5994 27.0011),0.00800530086879531,0.409,7.6
56665,POINT (-99.814456 35.529778),0.010181967688023806,0.513,8.78
56666,POINT (-120.521151 45.781825),0.008645024985505512,0.393,7.42
56669,POINT (-98.946325 45.959325),0.013818950937032184,0.528,8.78
56670,POINT (-100.9215 48.083625),0.0022919871291082515,0.392,7.33
56673,POINT (-101.0986 34.105),0.010548256775405983,0.415,8.66
56677,POINT (-92.62 43.0003),0.06571212522053078,0.41,7.32
56679,POINT (-87.4886 40.695),0.011492455960324582,0.392,7.33
56699,POINT (-78.8633 40.0853),0.004293140225997643,0.489,8.63
56700,POINT (-78.9183 39.8794),0.019332078031090355,0.46,8.5
56702,POINT (-120.8072 45.8797),0.03932035662351233,0.306,5.89
56750,POINT (-95.2525 44.057778),0.012175215521702674,0.481,8.28
56751,POINT (-111.582222 40.071389),0.011864643694610677,0.301,6.0
56752,POINT (-110.480741 41.288056),0.004890847472568098,0.442,8.4
56753,POINT (-110.544444 41.263889),0.008401941323291333,0.429,8.28
56754,POINT (-100.791389 31.951944),0.030972008652974933,0.464,8.55
56755,POINT (-94.9142 43.8953),0.0979614089935353,0.473,8.14
56763,POINT (-101.018936 31.951958),0.0701517745819698,0.428,7.89
56764,POINT (-93.77 43.315),0.011339602991283022,0.468,8.1
56765,POINT (-93.091 43.393),0.006371727709181933,0.433,7.71
56767,POINT (-95.5228 40.575),0.06278725995773113,0.396,7.32
56770,POINT (-76.1547 40.8411),0.001086243527022046,0.471,8.22
56771,POINT (-98.476051 32.338659),0.0077838685754531255,0.518,8.65
56773,POINT (-100.967402 33.752201),0.009805925657477538,0.436,8.94
56774,POINT (-100.2686 32.1981),0.04468824366654362,0.492,8.57
56775,POINT (-100.793333 32.718056),0.020796390119438565,0.481,8.43
56776,POINT (-101.473611 32.240278),0.009257253372360068,0.47,8.13
56777,POINT (-87.3336 40.583889),0.012922929427963019,0.409,7.51
56779,POINT (-102.355628 30.807272),0.011484203455189156,0.491,9.52
56782,POINT (-104.1836 46.2753),0.010737695190310452,0.476,8.5
56783,POINT (-101.3986 32.1408),0.008402021304424797,0.479,8.5
56784,POINT (-97.6644 39.4375),0.022612950846812332,0.481,8.35
56789,POINT (-120.125 45.7119),0.007618094512405432,0.378,7.08
56790,POINT (-120.5744 45.52),0.011132940132768299,0.417,7.7
56791,POINT (-116.5527 33.9393),0.0199090895070606,0.473,9.81
58233,POINT (-116.555556 33.908889),0.013536620922515919,0.473,9.81
56792,POINT (-96.4779 44.4328),0.010303094341015569,0.463,8.16
56793,POINT (-94.9497 43.7542),0.008076750088978898,0.47,8.13
56794,POINT (-96.0784 44.1238),0.036609240377263805,0.488,8.44
56795,POINT (-97.498478 27.022112),0.045144073121500525,0.418,7.72
56796,POINT (-79.7271 39.7513),0.0016008725745655325,0.496,8.17
56797,POINT (-92.6131 43.4839),0.013190472508594358,0.429,7.68
56800,POINT (-70.856389 42.261111),0.019399901288417072,0.351,7.74
56804,POINT (-99.3828 35.535),0.010978950769540616,0.475,8.42
56805,POINT (-89.878428 42.451481),0.02295984181129554,0.466,7.54
56809,POINT (-94.93 42.1622),0.02511451590216977,0.45,7.94
56810,POINT (-94.665 41.4236),0.009837221152327519,0.433,7.73
56811,POINT (-95.2383 41.4517),0.022549739244611313,0.461,8.03
56818,POINT (-101.161472 38.503167),0.01984856795842834,0.43,7.93
56819,POINT (-98.460278 37.369167),0.01333437531344664,0.487,8.44
56823,POINT (-99.4228 32.7683),0.006774816971697494,0.506,8.74
56824,POINT (-95.8222 44.3236),0.011538370942207762,0.48,8.31
56826,POINT (-95.8242 44.3361),0.008092218731590387,0.48,8.31
56827,POINT (-95.8344 44.3303),0.003797473370551648,0.48,8.31
56828,POINT (-95.8297 44.3308),0.0011844002701697027,0.48,8.31
56825,POINT (-95.7942 44.3211),0.01354070415451391,0.467,8.14
56829,POINT (-70.5258 45.3853),0.020749622888140928,0.521,9.46
56831,POINT (-92.473611 43.397778),0.0033919590209761695,0.444,7.86
56835,POINT (-101.9789 35.8119),0.005192134146948773,0.423,8.02
56836,POINT (-101.9986 35.8081),0.003650129997680863,0.426,8.04
56837,POINT (-101.8033 35.9614),0.008754577831056083,0.444,8.15
56838,POINT (-101.8614 36.0075),0.06695461771230488,0.444,8.15
56839,POINT (-101.9 36.0264),0.1096583140167774,0.444,8.15
56840,POINT (-95.8142 44.3253),0.011226238194522063,0.468,8.18
56841,POINT (-105.835278 43.0181),0.024406312175335326,0.483,9.01
56842,POINT (-105.8543 43.0572),0.013002418928795369,0.508,9.37
56843,POINT (-106.3758 41.9203),0.010216943672154996,0.46,9.61
56854,POINT (-120.31832 45.675804),0.013164095715243702,0.397,7.32
56855,POINT (-120.2008 45.7167),0.008625143361128126,0.429,6.94
56856,POINT (-89.4022 40.3692),0.03522855553382589,0.445,7.31
56857,POINT (-73.929722 44.975833),0.007718045154049541,0.479,7.8
56858,POINT (-120.6872 47.1356),0.009332986070919763,0.441,7.5
56859,POINT (-94.9228 43.0475),0.007810015364895907,0.44,7.81
56860,POINT (-94.365 42.0822),0.007037113399683549,0.486,7.7
56874,POINT (-121.8461 38.1711),0.007935870777690607,0.472,7.5
57586,POINT (-121.846944 38.169444),0.008719175018314347,0.472,7.5
56876,POINT (-92.6822 43.8006),0.003511385054368478,0.45,7.96
56878,POINT (-87.2631 40.7178),0.010945054134167477,0.398,7.41
56879,POINT (-98.4583 37.3764),0.010367681756303477,0.485,8.42
56901,POINT (-73.6509 44.8216),0.012541816933758583,0.449,7.87
56902,POINT (-78.2278 42.6697),0.008317562383287944,0.522,8.35
56904,POINT (-74.0299 44.8917),0.009649778080350523,0.467,7.68
56905,POINT (-101.3917 36.4964),0.0063231691421265866,0.451,8.16
56919,POINT (-97.8853 47.1294),0.010056853235486555,0.463,8.08
56920,POINT (-101.451385 32.100823),0.008624214109120029,0.44,8.04
56921,POINT (-101.2983 31.9361),0.006315369268701041,0.473,8.43
56923,POINT (-93.8311 43.2125),0.010782267525892057,0.462,8.02
56924,POINT (-93.2722 42.1044),0.027585497240393008,0.44,7.81
56925,POINT (-93.800002 43.273731),0.018067439912716837,0.464,8.06
56933,POINT (-119.9375 45.6758),0.00730074441410118,0.366,6.38
56934,POINT (-115.0369 42.8444),0.015166811134841902,0.356,6.98
56935,POINT (-115.0172 42.8744),0.013594851966828738,0.365,6.93
56941,POINT (-88.6836 41.2269),0.010487736457408964,0.406,7.44
56942,POINT (-88.4969 43.6161),0.025293394414348372,0.494,7.84
56945,POINT (-105.9625 34.466667),0.029777016170204458,0.392,7.8
56946,POINT (-99.6353 36.7767),0.023921805638369684,0.438,8.01
56947,POINT (-97.6189 42.6978),0.011521438885824178,0.496,8.62
56952,POINT (-119.9914 45.6533),0.007622425926165145,0.398,6.55
56953,POINT (-78.4269 42.7794),0.009434992315835673,0.455,7.59
56956,POINT (-101.578617 32.929014),0.012152582277040863,0.431,8.04
56959,POINT (-101.3853 32.1217),0.01142507811789588,0.47,8.34
56960,POINT (-104.997778 41.139722),0.010140503784333623,0.382,8.9
56961,POINT (-102.828333 31.995),0.027139549959422225,0.434,8.13
56967,POINT (-119.4222 45.7017),0.06758238087696156,0.357,6.13
56968,POINT (-119.4647 45.655),0.07382123004258258,0.357,6.13
56969,POINT (-119.4181 45.7286),0.06726073746993735,0.357,6.13
56970,POINT (-119.4533 45.6447),0.08726805260231087,0.357,6.13
56971,POINT (-119.4044 45.7122),0.08205555925712611,0.357,6.13
56973,POINT (-119.4767 45.6447),0.0816418532677939,0.357,6.13
56974,POINT (-119.4625 45.6531),0.07627621519844315,0.357,6.13
56975,POINT (-119.4097 45.6967),0.08104411271029513,0.357,6.13
56972,POINT (-119.4869 45.6542),0.0704900475953821,0.34,5.96
56979,POINT (-101.1167 31.9925),0.011271252015638755,0.478,8.46
56980,POINT (-78.8153 40.0311),0.011455313003141373,0.528,9.36
56981,POINT (-100.6728 32.5886),0.05443959449701376,0.481,8.47
56983,POINT (-97.4586 27.9386),0.03669192578756225,0.446,7.36
56984,POINT (-100.5797 32.4969),0.014699411586856106,0.477,8.42
56985,POINT (-98.168876 38.892653),0.010663388298290163,0.47,8.34
56989,POINT (-67.9944 45.4822),0.11285879075198661,0.44,7.25
56990,POINT (-68.3802 45.34598),0.05164244468458269,0.43,7.17
56991,POINT (-67.971 45.61498),0.01141929441779183,0.438,7.2
56994,POINT (-92.705 43.7189),0.010656162770903733,0.467,8.05
57002,POINT (-68.147222 46.058056),0.1538157321017598,0.459,7.47
57031,POINT (-97.8975 47.3272),0.01386302622085709,0.486,8.32
57032,POINT (-97.8961 47.1244),0.007851638555095204,0.471,8.17
57387,POINT (-97.8956 47.1242),0.008378247310737259,0.471,8.17
57038,POINT (-101.554722 46.98),0.006467037034061838,0.447,8.01
57800,POINT (-101.554722 46.98),0.006467037034061838,0.447,8.01
57801,POINT (-101.554722 46.98),0.006467037034061838,0.447,8.01
58872,POINT (-101.554722 46.98),0.006467037034061838,0.447,8.01
57039,POINT (-105.9906 41.7244),0.008844108604034766,0.451,8.85
57040,POINT (-106.011124 41.675052),0.007942559851835312,0.462,8.97
57044,POINT (-76.8553 41.7619),0.012497297067764018,0.564,9.67
57045,POINT (-99.133889 44.477778),0.01279818932505659,0.448,8.67
57047,POINT (-95.7131 43.7036),0.010827864470889771,0.479,8.3
57048,POINT (-99.0592 46.1075),0.12182553518865243,0.463,8.15
57049,POINT (-112.1097 48.51),0.006597109442778841,0.392,8.53
57050,POINT (-112.1847 48.5333),0.013989661504116319,0.378,8.2
57078,POINT (-78.8617 42.8072),0.004699811485585031,0.391,7.1
57079,POINT (-112.935 38.53569),0.011216726082060821,0.348,6.72
57080,POINT (-72.1013 44.67598),0.017519251839057594,0.499,8.1
57083,POINT (-68.2425 44.723056),0.05598969481075116,0.47,7.54
57087,POINT (-157.975 21.68097),38.094049518216174,0.543,9.96
57529,POINT (-158.040833 21.610278),38.18604637209373,0.543,9.96
58837,POINT (-157.97 21.666944),38.09654566637918,0.543,9.96
57090,POINT (-105.999 43.01455),0.009686921595628617,0.473,8.89
57091,POINT (-105.024 41.12968),0.011072669280710592,0.402,9.29
57093,POINT (-106.221442 42.884703),0.002555902971551862,0.407,8.1
57094,POINT (-88.49 40.9969),0.0076828589730697965,0.402,7.32
57095,POINT (-97.557372 27.122529),0.010476214965336619,0.399,7.54
57096,POINT (-120.48 45.51),0.02014934604397967,0.439,7.99
57097,POINT (-99.9513 48.4968),0.032932052729827466,0.392,7.34
57098,POINT (-110.2842 34.6596),0.023431433609571284,0.293,6.67
57106,POINT (-103.74 35.17),0.0034487999362055304,0.367,7.24
57107,POINT (-112.931 38.58523),0.0027264953695240565,0.35,6.64
57108,POINT (-98.4525 34.8217),0.025060767147074038,0.499,8.58
57109,POINT (-86.935 40.6275),0.05313989067545685,0.426,7.12
57110,POINT (-88.6233 41.1508),0.005310325884536647,0.395,7.35
57111,POINT (-95.3233 43.3456),0.0034137089799798925,0.456,7.97
57112,POINT (-87.0242 40.6431),0.04160071144824283,0.433,7.25
57115,POINT (-87.0194 40.5986),0.0047342785089169205,0.433,7.25
57113,POINT (-88.53 41.1406),0.0077063506927784456,0.372,7.1
57116,POINT (-90.265277 42.673333),0.0015393261512703354,0.465,7.55
57118,POINT (-99.3444 37.5499),0.009150222073801865,0.52,8.55
57120,POINT (-100.7011 47.1333),0.009333866294301591,0.476,8.3
57121,POINT (-97.931692 47.292437),0.022645705663548867,0.471,8.15
57124,POINT (-115.010833 42.825278),0.012131869971277255,0.348,6.93
57125,POINT (-115.048889 42.811944),0.038287935136279906,0.348,6.93
57130,POINT (-69.35 44.4967),0.06017657053205891,0.423,7.14
57131,POINT (-85.2983 44.19),0.008293218012329106,0.485,7.86
57135,POINT (-89.456111 41.599167),0.0115114497783757,0.415,7.57
57136,POINT (-115.0164 42.8925),0.0070826106062684795,0.352,6.73
57139,POINT (-78.6908 40.3042),0.009547176545969628,0.512,8.86
57151,POINT (-80.4925 38.0878),0.009502217109706175,0.524,9.3
57153,POINT (-100.67882 31.085435),0.030440037844916043,0.504,8.72
57156,POINT (-98.328415 33.052226),0.014992587101638232,0.482,7.79
57159,POINT (-120.8339 45.7269),0.006568971989590073,0.404,7.41
57171,POINT (-103.767222 46.245556),0.011608535523483109,0.408,7.73
57174,POINT (-102.743055 40.756944),0.0113893705269404,0.419,7.95
57176,POINT (-75.164903 38.782931),0.010304590481914705,0.464,7.36
57177,POINT (-87.0328 40.6778),0.035035239231376504,0.43,7.21
57182,POINT (-76.455555 39.959167),0.01051552400025559,0.319,5.96
57188,POINT (-120.1819 46.9547),0.010120084683436661,0.44,8.21
57189,POINT (-94.518056 39.981389),0.010133026102802319,0.43,7.7
57192,POINT (-114.492222 39.104167),0.005849663238169283,0.338,6.95
57194,POINT (-97.9056 45.215),0.01288944083347817,0.481,8.43
57195,POINT (-117.821666 46.524167),0.011302423501180527,0.407,6.98
57198,POINT (-93.450429 43.724596),0.011436945046651418,0.457,7.97
57199,POINT (-89.148056 43.563889),0.004612160122976721,0.444,7.29
57201,POINT (-121.79661 38.163581),0.010402858261070971,0.487,7.7
57210,POINT (-103.783889 40.9475),0.046012178659563585,0.414,8.24
57211,POINT (-111.836381 43.467057),0.008272685779110006,0.397,7.77
57212,POINT (-97.2967 27.9958),0.08752491673802931,0.369,7.26
61776,POINT (-97.300202 27.954976),0.06389645907246572,0.369,7.26
57214,POINT (-92.4711 42.7317),0.019950464104867657,0.464,7.2
57239,POINT (-79.467222 39.254444),0.0019762401169928475,0.468,7.82
57240,POINT (-79.434444 39.287222),0.0018446509154864674,0.486,7.98
57244,POINT (-102.3533 39.3383),0.025237065598047177,0.415,7.9
57248,POINT (-94.5892 43.6825),0.010217921559694572,0.453,7.91
57251,POINT (-94.1475 43.3839),0.004710524917667414,0.442,7.78
57252,POINT (-94.980278 43.445),0.009543555836277376,0.458,8.02
57253,POINT (-70.5942 41.6647),0.0485419054632169,0.465,7.79
57257,POINT (-94.815655 43.385347),0.011093534152825664,0.455,7.54
57258,POINT (-103.0667 34.36),0.07542829750830495,0.404,7.83
57260,POINT (-98.905278 27.576111),0.006283538175258014,0.483,8.31
57261,POINT (-98.968333 35.855556),0.009916859633981114,0.518,8.85
57262,POINT (-98.023889 41.880278),0.01240591991752046,0.497,8.57
57263,POINT (-101.540238 35.964272),0.018079532764985168,0.467,8.36
57264,POINT (-101.541363 35.924858),0.02584846068917889,0.467,8.36
57268,POINT (-78.476921 40.522846),0.014785718514837672,0.512,9.37
57274,POINT (-95.8844 45.8033),0.018918129532273977,0.431,7.67
57278,POINT (-97.58 42.698333),0.0031283593144035104,0.489,8.54
57282,POINT (-118.353422 35.033725),0.009238140505531513,0.471,9.3
57283,POINT (-95.9289 40.0011),0.010654310864616129,0.481,8.1
57284,POINT (-88.997222 40.888611),0.009969352486495397,0.477,7.48
57285,POINT (-78.28735 40.729207),0.0056917811799134565,0.5,9.28
57286,POINT (-99.480144 36.333803),0.004107197706471592,0.51,8.86
57287,POINT (-74.878888 43.112222),0.01126929354484274,0.383,7.27
57290,POINT (-102.8969 40.9881),0.012775140899416346,0.405,7.91
57291,POINT (-118.295278 35.023889),0.00019722322378407694,0.479,9.61
57292,POINT (-118.295278 35.023889),0.00019722322378407694,0.479,9.61
57833,POINT (-118.293188 35.030855),0.0074694324416280326,0.479,9.61
57293,POINT (-118.242222 35.008611),0.008508411896473623,0.435,9.11
57294,POINT (-118.242222 35.008611),0.008508411896473623,0.435,9.11
57962,POINT (-118.241389 35.008333),0.009161451085941155,0.435,9.11
57296,POINT (-93.156387 44.461908),0.021237998799329832,0.472,7.27
57299,POINT (-106.160278 42.043611),0.0071210730932958375,0.497,9.36
57300,POINT (-79.29 39.4047),0.011557026001525838,0.471,8.57
59147,POINT (-79.291143 39.404564),0.012305380327318729,0.471,8.57
57302,POINT (-116.5825 33.9053),0.012465707280371016,0.511,10.41
57303,POINT (-100.7444 32.4375),0.04271977876815433,0.435,7.93
57315,POINT (-103.67814 39.421787),0.006571639445378303,0.404,7.99
57319,POINT (-120.3039 45.9192),0.0055864254224020525,0.354,7.16
57320,POINT (-120.2355 45.9215),0.0076954743193621295,0.389,7.46
57325,POINT (-88.8867 41.7678),0.010936000731538768,0.473,7.48
57326,POINT (-101.9005 35.9454),0.09205933111314833,0.428,8.05
57327,POINT (-105.7872 42.9258),0.02435593120781427,0.448,8.52
57332,POINT (-98.722222 36.035),0.008326454767785518,0.537,9.17
57333,POINT (-120.2598 45.651),0.006553116052684924,0.406,7.42
57342,POINT (-89.046666 40.590833),0.008687641106771334,0.41,7.53
57346,POINT (-99.8983 35.4642),0.056410788471715934,0.423,7.88
57347,POINT (-100.7086 47.1133),0.01606127329945689,0.459,8.12
57351,POINT (-96.4269 43.9811),0.022890143315406578,0.426,7.7
57354,POINT (-68.865833 44.094167),0.0025858315877114,0.453,8.07
57357,POINT (-107.3828 35.2689),0.015000074033157895,0.327,8.03
57358,POINT (-99.490833 36.276111),0.01177118252342267,0.504,8.78
57374,POINT (-95.156666 43.675),0.006876850005629742,0.472,8.04
57375,POINT (-94.735555 44.916944),0.041306010434317676,0.442,7.26
57379,POINT (-110.1734 34.6062),0.13010946124321024,0.285,6.52
57380,POINT (-73.0236 42.7297),0.008465468327269944,0.459,8.39
57385,POINT (-96.406389 44.245556),0.008663679645509997,0.463,8.08
57386,POINT (-96.065277 44.018889),0.004056323705029963,0.492,8.47
57396,POINT (-94.752222 45.071667),0.005548576754456909,0.479,7.65
57414,POINT (-70.6089 41.6083),0.006149128068266494,0.454,7.93
57415,POINT (-102.505808 30.772575),0.02426382760407101,0.49,9.46
57417,POINT (-91.370833 42.583889),0.012023762888551259,0.471,7.6
57421,POINT (-84.4975 43.433889),0.019339311259714085,0.434,7.2
57424,POINT (-96.6267 44.5281),0.014258785362008706,0.509,8.7
57427,POINT (-115.439731 43.037147),0.03706657148967768,0.325,6.7
57429,POINT (-115.412886 43.04835),0.03977175077865878,0.325,6.7
57431,POINT (-115.400469 43.028056),0.017502792720019367,0.322,6.68
57432,POINT (-93.140555 43.920556),0.0028475977595106687,0.442,7.8
57434,POINT (-96.021744 43.902753),0.008814774529159564,0.452,8.03
57447,POINT (-79.8866 39.0072),0.019183313790903694,0.374,6.86
57449,POINT (-84.561824 40.931515),0.0281318814870238,0.425,7.14
57570,POINT (-84.570277 40.905833),0.004939317058056791,0.425,7.14
57463,POINT (-90.120833 41.215278),0.015431480875148578,0.409,7.46
57468,POINT (-93.8836 43.3192),0.047427984534453106,0.465,8.06
57469,POINT (-93.373625 42.224436),0.049218650712914,0.448,7.9
57474,POINT (-101.39 33.661111),0.00440058382490769,0.456,8.27
57484,POINT (-118.4612 34.9349),0.01318555971508926,0.384,7.74
57493,POINT (-87.570833 40.694444),0.009452344947160846,0.388,7.17
57500,POINT (-92.933333 41.883333),0.008142694455768144,0.44,7.79
57501,POINT (-94.7744 41.1973),0.004076351922985883,0.447,7.88
57514,POINT (-116.044722 32.752778),0.006680950306660106,0.424,8.63
57516,POINT (-101.393611 36.543889),0.01778235262838946,0.427,7.93
57517,POINT (-101.605278 36.498514),0.03348505417347052,0.439,8.03
58998,POINT (-101.565556 36.541389),0.06186886780926369,0.439,8.03
57520,POINT (-98.711944 33.383611),0.010410567947996377,0.454,7.99
57526,POINT (-120.083466 45.731611),0.008799540044802032,0.391,7.13
57530,POINT (-117.364444 47.155833),0.010722389146085781,0.372,7.12
57531,POINT (-69.761944 45.103333),0.1278099319653982,0.438,7.51
57547,POINT (-91.924722 44.1125),0.01862161937104926,0.464,7.57
57549,POINT (-120.079987 45.706262),0.012577517879138977,0.364,6.84
57550,POINT (-120.008249 45.58555),0.009373411812141862,0.378,6.51
57553,POINT (-87.9278 44.3481),0.00949065925001978,0.485,7.76
57566,POINT (-118.369444 35.155278),0.005415036934309012,0.35,6.71
57568,POINT (-70.627777 44.633611),0.011293424015775213,0.391,6.91
57578,POINT (-120.616906 45.613061),0.008996396667550562,0.447,8.11
57590,POINT (-97.975556 35.280278),0.01080880104359357,0.472,8.18
57593,POINT (-99.568056 41.454722),0.04929205219911052,0.437,7.97
57594,POINT (-121.3564 37.6167),0.0032212100211026677,0.233,4.84
57595,POINT (-79.03 39.445),0.038735724764100074,0.498,9.15
57609,POINT (-95.439722 42.159722),0.008305107464687926,0.476,8.23
57613,POINT (-81.525555 41.584444),0.002642169752305362,0.424,6.93
57614,POINT (-95.814166 38.256944),0.25332035826991767,0.485,8.41
57616,POINT (-98.5599 34.910361),0.003530916170058188,0.512,8.8
57617,POINT (-98.411111 26.465556),0.15577000553700507,0.438,7.3
57620,POINT (-84.779166 41.025278),0.0038201760430661602,0.424,7.15
57621,POINT (-118.218333 35.0775),0.0035559253366669497,0.499,10.31
57623,POINT (-88.701054 40.701241),0.00914862262856995,0.396,7.36
57626,POINT (-121.521666 37.714167),0.0322226740355247,0.382,6.62
57628,POINT (-87.021111 40.716111),0.05957372874849856,0.426,7.17
57631,POINT (-94.4447 41.3931),0.009518546370119757,0.44,7.82
58459,POINT (-94.445833 41.39),0.011097924310434215,0.44,7.82
57632,POINT (-94.4406 41.2258),0.010795237885297711,0.448,7.93
58456,POINT (-94.434722 41.226944),0.0057260399055528224,0.448,7.93
61077,POINT (-94.417197 41.202447),0.03262550145208652,0.448,7.93
57635,POINT (-120.783568 45.744171),0.009143063217545263,0.416,7.67
57637,POINT (-84.8172 40.1908),0.014983443429335445,0.426,7.38
57638,POINT (-84.8219 40.2097),0.010341063484963478,0.409,7.47
57639,POINT (-99.7754 37.81828),0.0018588103722527072,0.478,8.32
57643,POINT (-104.62 38.1728),0.050869086879950495,0.23,5.4
57644,POINT (-96.321567 43.828217),0.0010650075117075988,0.462,8.1
57648,POINT (-76.968333 42.886944),0.0032008787855834623,0.399,6.71
57649,POINT (-94.8799 43.6848),0.007884018328235577,0.467,8.1
57663,POINT (-100.372 37.90133),0.007936694589058893,0.468,8.3
57675,POINT (-88.021517 40.46405),0.006618600003025335,0.399,7.41
57678,POINT (-98.299444 38.841667),0.007377077808996362,0.47,8.2
57700,POINT (-121.718055 37.790833),0.014294030397343777,0.415,7.44
57701,POINT (-121.821944 38.116667),0.006087749173541782,0.484,7.61
57721,POINT (-73.275 42.586667),0.038950685180102106,0.5,7.93
62570,POINT (-73.292632 42.543748),0.008164089477710317,0.5,7.93
57725,POINT (-121.855342 38.137488),0.009396078171237601,0.444,7.19
57732,POINT (-95.877033 45.5897),0.008950497248757473,0.437,7.62
57823,POINT (-95.876944 45.589722),0.008961743803524623,0.437,7.62
57741,POINT (-102.28 35.75),0.008697434621774882,0.453,8.34
57744,POINT (-77.0296 41.5323),0.01178944430412082,0.417,7.25
57748,POINT (-110.337777 46.411944),0.009745169931815189,0.475,8.87
57749,POINT (-115.393333 42.982222),0.014195687408504024,0.314,6.58
57751,POINT (-97.5857 26.33072),0.005379325329445771,0.403,7.54
57752,POINT (-97.6668 26.34892),0.00306080463277202,0.391,7.44
57755,POINT (-97.961194 41.864583),0.007601794130340376,0.489,8.46
57756,POINT (-124.065412 46.793581),0.004254455781873407,0.364,7.21
57757,POINT (-118.4325 34.891389),0.019655465397696453,0.343,6.43
57760,POINT (-112.757778 42.703333),0.03486520721292681,0.446,7.72
57761,POINT (-112.748611 42.738889),0.0518442291870525,0.395,7.29
57762,POINT (-100.280277 37.873889),0.009508579757252144,0.508,8.33
57766,POINT (-112.901944 42.674722),0.01264004102050092,0.346,6.7
57767,POINT (-90.699166 39.973333),0.01137148649033958,0.437,7.18
57769,POINT (-76.049167 41.420556),0.015386280967152537,0.428,7.3
57775,POINT (-114.0675 35.145833),0.015019579554693224,0.379,7.45
57787,POINT (-98.261077 37.366509),0.0016392354925321572,0.478,8.32
57791,POINT (-122.092778 38.232222),0.007533836273767721,0.348,6.04
59331,POINT (-122.0925 38.233611),0.006117296788608929,0.348,6.04
57792,POINT (-117.529444 34.084722),0.008299390339057428,0.109,3.55
57802,POINT (-97.691111 26.475278),0.001537640074921629,0.4,7.5
57803,POINT (-117.271944 44.396944),0.03089080479689913,0.353,6.49
59490,POINT (-117.273889 44.425),0.0342858863382656,0.353,6.49
59491,POINT (-117.343889 44.366944),0.056793383294183014,0.353,6.49
59492,POINT (-117.323056 44.353056),0.05616758436143682,0.353,6.49
59493,POINT (-117.255 44.418056),0.04853878132999501,0.353,6.49
59494,POINT (-117.273056 44.381944),0.03683370778241914,0.353,6.49
57813,POINT (-91.877777 43.991667),0.008453461598648786,0.467,7.55
57830,POINT (-94.237778 42.006111),0.027079965897322263,0.475,7.61
57832,POINT (-92.062222 42.948889),0.019497844727051628,0.473,7.66
57834,POINT (-118.211835 35.043411),0.0026064122851059326,0.456,9.64
57835,POINT (-118.234811 35.026683),0.011569981244580493,0.429,9.05
57837,POINT (-118.223333 35.026759),0.005741735800256013,0.429,9.05
57844,POINT (-93.336453 42.606737),0.003857245260547178,0.455,7.97
57851,POINT (-82.783611 43.850833),0.006658678923031702,0.485,7.77
58891,POINT (-82.7825 43.850833),0.0071915490681773555,0.485,7.77
57853,POINT (-83.241388 43.871944),0.01167910857043614,0.399,7.39
57855,POINT (-70.841944 42.716389),0.00582820332520835,0.404,7.25
59023,POINT (-70.846389 42.717222),0.010305636710074046,0.404,7.25
57858,POINT (-96.42 37.46),0.011138509235970578,0.475,8.31
57862,POINT (-85.843056 40.349444),0.00954500675746163,0.438,7.3
57866,POINT (-102.21 35.243611),0.004858288690484448,0.433,8.87
57973,POINT (-102.203056 35.2375),0.013861969989869353,0.433,8.87
57867,POINT (-77.538333 42.315278),0.0019534341555370424,0.482,7.8
57873,POINT (-94.685004 41.554651),0.011896455690662026,0.471,8.18
57874,POINT (-92.776111 42.159444),0.0022182977708127996,0.439,7.79
57875,POINT (-94.575056 41.454241),0.0025362974983235906,0.466,8.15
57880,POINT (-93.048056 44.728333),0.02904161629455165,0.433,7.18
57887,POINT (-103.285278 32.952778),0.002187838430959101,0.396,7.78
57888,POINT (-83.1669 43.8556),0.01028512853590941,0.396,7.35
57889,POINT (-101.495936 36.548958),0.04576303927843964,0.495,8.32
57890,POINT (-111.726389 43.386389),0.017933768427186407,0.391,7.21
57913,POINT (-116.289722 32.663889),0.04011986671214204,0.411,8.06
57927,POINT (-97.59818 27.184652),0.07067429725154475,0.4,7.54
57947,POINT (-107.50929 32.55434),0.03115811459314788,0.316,6.46
57956,POINT (-98.071389 35.325278),0.04233054051154642,0.491,8.42
57963,POINT (-109.482778 46.275278),0.015232996192480327,0.301,6.5
57965,POINT (-109.482778 46.275278),0.015232996192480327,0.301,6.5
57964,POINT (-89.059722 41.666944),0.003667642976087914,0.417,7.58
57968,POINT (-90.805 43.733889),0.008337086601442766,0.481,7.75
57974,POINT (-98.581944 33.493056),0.011559885553068484,0.446,7.89
57975,POINT (-99.838056 37.851111),0.010453401360332503,0.485,8.26
57976,POINT (-94.658056 42.568056),0.010902626197392167,0.46,8.01
57979,POINT (-72.425278 44.748333),0.011301006371110388,0.468,7.73
57980,POINT (-104.491944 37.801111),0.027452345072868756,0.355,7.54
57981,POINT (-98.365069 33.205801),0.0059703835722748665,0.55,8.36
57983,POINT (-101.647778 32.926389),0.039063305569291634,0.43,8.02
57984,POINT (-86.334722 43.871944),0.027244473880037066,0.405,7.47
57987,POINT (-98.024722 35.629722),0.06444361333755634,0.49,8.46
57991,POINT (-78.680633 40.319561),0.004412040910959548,0.485,8.52
57995,POINT (-112.103333 48.820278),0.008937092648050027,0.411,8.73
57998,POINT (-78.874722 39.760556),0.010911009714957084,0.5,9.04
57999,POINT (-78.696078 40.63067),0.009451802473604196,0.469,8.28
58000,POINT (-100.209167 29.234722),0.0367785971728025,0.445,7.39
58004,POINT (-71.2925 44.704444),0.014763565050484297,0.389,6.96
58008,POINT (-87.878333 40.211667),0.014004324510669583,0.454,7.32
58018,POINT (-99.446389 37.518889),0.01962196045251471,0.463,8.65
58019,POINT (-115.036667 42.88),0.005890194648732681,0.36,6.93
58020,POINT (-84.499722 43.256944),0.046199562000089484,0.44,7.24
58908,POINT (-84.499722 43.256944),0.046199562000089484,0.44,7.24
62290,POINT (-84.499838 43.262611),0.040726867421884055,0.44,7.24
58021,POINT (-99.005278 27.488056),0.008299106277192362,0.454,8.0
58025,POINT (-71.984194 42.588583),0.006376991296847413,0.489,7.64
58026,POINT (-70.559814 44.415587),0.005253528052651735,0.518,8.85
58035,POINT (-71.521111 41.114722),0.02257656643514079,0.454,9.04
58038,POINT (-92.759444 43.385833),0.004270529826619018,0.412,7.49
58041,POINT (-97.673611 36.574722),0.03462496605052903,0.462,8.1
58044,POINT (-91.234167 41.850833),0.011737235662624378,0.412,7.5
58045,POINT (-95.802778 43.713611),0.005130483505476566,0.456,8.03
58048,POINT (-100.524167 32.969722),0.020939974331412398,0.39,7.45
58065,POINT (-71.070833 42.391389),0.015041453453697853,0.4,6.58
58071,POINT (-93.221389 43.384722),0.00112360001780102,0.41,7.47
58078,POINT (-99.003056 35.135556),0.010447774164861284,0.475,8.3
58080,POINT (-97.428406 33.733006),0.013369291267674572,0.477,8.37
58088,POINT (-78.415843 42.767614),0.00688760117892859,0.463,7.66
58089,POINT (-93.283333 43.297222),0.008800952959758761,0.441,7.78
58098,POINT (-105.461667 34.651111),0.006078156052619999,0.389,7.95
58099,POINT (-120.0904 45.5857),0.008597465905722634,0.372,6.43
58101,POINT (-117.307222 34.561944),0.015208444825156873,0.266,5.23
58102,POINT (-117.1125 34.623056),0.00744945937636602,0.344,6.44
58103,POINT (-86.533889 45.795556),0.027997343088230108,0.418,7.46
58104,POINT (-121.818056 38.42),0.009050461258960021,0.329,5.9
58105,POINT (-122.193889 40.111111),0.00836603998317589,0.281,5.6
58106,POINT (-111.803921 43.524429),0.014889123345584693,0.404,7.64
58111,POINT (-90.174167 41.2325),0.06980752501700566,0.415,7.52
58112,POINT (-121.9325 38.692778),0.004608674972260959,0.231,5.04
58113,POINT (-116.815 33.917222),0.004998008503395546,0.461,8.21
58114,POINT (-116.749167 33.914167),0.001584960567339555,0.622,9.69
58121,POINT (-83.161389 43.8825),0.010479522555915218,0.397,7.37
58126,POINT (-103.573236 39.380975),0.028735771783614413,0.386,7.79
58127,POINT (-103.581111 39.341389),0.01179543479486485,0.385,7.78
58137,POINT (-100.278666 37.614473),0.017827813242229686,0.495,8.35
58141,POINT (-71.8189 43.7681),0.008050831013006661,0.49,7.98
58154,POINT (-118.186389 35.347778),0.01179256583615387,0.433,7.69
58155,POINT (-112.271111 35.415556),0.008128200108266096,0.294,6.75
58162,POINT (-101.6875 33.033056),0.009734961992735132,0.41,7.8
58203,POINT (-98.182731 35.372359),0.015025265555063465,0.505,8.62
58209,POINT (-97.4175 36.846667),0.002184803194798838,0.446,7.88
58218,POINT (-110.639167 47.333333),0.009780037832231726,0.492,8.8
62939,POINT (-110.614592 47.329911),0.019481577477197257,0.492,8.8
58220,POINT (-84.5875 41.016111),0.009676261778190767,0.419,7.08
58238,POINT (-73.07 44.661667),0.007600027894687421,0.406,7.06
58242,POINT (-101.253056 35.4275),0.022803830643115502,0.51,8.83
58321,POINT (-98.466667 31.383333),0.2607821401419161,0.491,8.46
58322,POINT (-98.076667 41.951667),0.06432390430470264,0.454,8.07
58324,POINT (-118.591389 45.899167),0.029931695458160584,0.398,7.44
58351,POINT (-83.65 43.525278),0.01164957909111467,0.428,7.14
58363,POINT (-101.578572 35.386038),0.029506598668768678,0.499,8.73
58372,POINT (-99.364722 34.29),0.012204354141045223,0.416,7.63
58394,POINT (-118.2 35.06),0.008917793449054657,0.493,9.34
58404,POINT (-101.5325 35.322778),0.022241712209265737,0.485,8.57
58407,POINT (-91.810833 43.326944),0.025198538628259874,0.36,6.44
58414,POINT (-91.394444 40.955),0.007233134935825285,0.414,7.49
58416,POINT (-85.013333 40.066667),0.013389996639280456,0.414,7.65
58424,POINT (-97.440278 27.832222),0.003357363846830303,0.418,7.02
58441,POINT (-120.753056 47.139167),0.011583401270789745,0.451,7.45
58444,POINT (-94.269167 42.098889),0.06252507837659442,0.475,7.6
58457,POINT (-94.57 41.338889),0.009530370034797533,0.439,7.79
58458,POINT (-94.485 41.29),0.0057461908252366975,0.448,7.92
58460,POINT (-94.485 41.29),0.0057461908252366975,0.448,7.92
58461,POINT (-94.876389 41.391944),0.0067348723076274975,0.423,7.64
58464,POINT (-103.325 34.746944),0.005565711544796656,0.413,8.65
58465,POINT (-103.305 34.728056),0.0009158951905052672,0.459,8.46
58474,POINT (-101.076111 37.620833),0.007983416436578865,0.456,8.17
58548,POINT (-104.832222 37.772222),0.010608743657946323,0.323,6.57
58571,POINT (-118.026944 46.421111),0.04574404555786264,0.39,6.57
58580,POINT (-83.297778 43.757778),0.006360255498022195,0.385,7.22
58719,POINT (-83.297778 43.757778),0.006360255498022195,0.385,7.22
58587,POINT (-83.566944 43.526944),0.007506302018972112,0.436,7.23
58594,POINT (-96.952222 40.048889),0.24889468922015015,0.489,8.48
58596,POINT (-101.310833 35.238333),0.09342572746839947,0.477,8.51
58608,POINT (-70.381111 44.593333),0.09419081935093215,0.438,7.98
58614,POINT (-97.640077 27.580489),0.0207399661764385,0.415,7.12
58620,POINT (-70.303056 44.514722),0.09918377156066868,0.362,6.61
58630,POINT (-83.893333 40.449444),0.006540961702994476,0.383,7.01
58657,POINT (-94.931944 43.853333),0.07081966710596396,0.468,8.1
58658,POINT (-98.594722 47.179722),0.44574869517475796,0.472,8.19
58661,POINT (-70.538889 41.7525),0.011233007878578066,0.449,7.79
58666,POINT (-99.5075 38.424722),0.0040838914040363505,0.439,7.95
58677,POINT (-84.462222 43.408056),0.0067587128952170976,0.435,7.21
58681,POINT (-101.434167 35.205278),0.03435864540403525,0.478,8.5
58683,POINT (-96.700278 36.706944),0.11613481342818993,0.46,8.05
58686,POINT (-68.146944 44.760833),0.03657652510831919,0.465,7.58
63132,POINT (-68.163611 44.722519),0.005481833452417866,0.465,7.58
58690,POINT (-83.315002 43.815032),0.002715637125976103,0.396,7.34
58691,POINT (-95.375119 43.587283),0.005394755416141594,0.46,8.03
58692,POINT (-95.012778 45.660833),0.039806539085924984,0.442,7.82
58694,POINT (-89.580278 41.496667),0.0002114639449138297,0.41,7.47
58695,POINT (-98.428333 42.608056),0.011409184370498461,0.487,8.44
58720,POINT (-101.372778 35.442778),0.002689286894334602,0.505,8.79
58765,POINT (-100.538611 35.653889),0.03930964474527863,0.524,8.99
58766,POINT (-101.099722 33.825),0.009086391252856171,0.423,8.69
58767,POINT (-99.414161 39.003873),0.1862572743733645,0.46,8.15
58768,POINT (-77.528889 42.163889),0.007587007051522148,0.488,8.38
58769,POINT (-103.077222 40.964167),0.006132015981707931,0.409,7.96
58771,POINT (-103.511111 33.926111),0.05173810407234005,0.445,8.26
58772,POINT (-101.251111 34.311111),0.010117755086975249,0.494,8.6
58773,POINT (-102.174444 34.748056),0.016573275506059748,0.476,8.54
58774,POINT (-102.682778 35.276944),0.010790759009453615,0.418,8.72
58775,POINT (-102.721111 35.295),0.010254440647837182,0.417,8.74
58830,POINT (-83.485556 43.610278),0.0075552150201042365,0.401,7.18
58833,POINT (-110.088056 32.286111),0.3294879512971638,0.229,5.4
58836,POINT (-96.211944 46.718056),0.008552641755627493,0.469,8.15
58838,POINT (-98.161111 33.143056),0.008259147655774459,0.512,8.54
58883,POINT (-95.656111 43.080278),0.003269686376395786,0.428,7.71
58884,POINT (-94.170833 42.334722),0.14062265798938273,0.463,8.03
58885,POINT (-94.103611 41.209167),0.10002804894628319,0.449,7.92
58886,POINT (-92.966667 42.390833),0.043137916338181974,0.441,7.83
61911,POINT (-92.946436 42.33327),0.10373834270895212,0.441,7.83
58887,POINT (-89.249722 41.660278),0.011640686964267217,0.422,7.63
58898,POINT (-88.056247 40.999169),0.004737793262683511,0.387,7.26
58900,POINT (-100.847222 36.518056),0.0014711753804382474,0.471,8.35
58902,POINT (-97.799722 35.770278),0.23536723497546977,0.48,8.32
58904,POINT (-79.011111 39.641111),0.017682591721807226,0.491,8.94
58924,POINT (-89.291944 40.074167),0.20485118356748638,0.425,7.11
61735,POINT (-89.310249 39.952927),0.08794403080368725,0.425,7.11
62606,POINT (-89.310249 39.952927),0.08794403080368725,0.425,7.11
58927,POINT (-93.599444 42.208056),0.05328443198534191,0.406,7.45
58932,POINT (-92.4425 42.161389),0.012430290624114215,0.417,7.54
58938,POINT (-97.269722 34.446111),0.006009608639499148,0.508,8.72
58939,POINT (-103.855833 33.029444),0.11870460060587393,0.385,7.66
58940,POINT (-103.865 33.013889),0.13588256870179952,0.385,7.66
58958,POINT (-70.64 41.925278),0.00982071224505191,0.415,7.57
58965,POINT (-102.563333 46.075),0.1939021065641074,0.451,8.12
58966,POINT (-111.965278 47.723333),0.3419385681931771,0.406,7.83
60486,POINT (-111.963 47.723),0.341960257692326,0.406,7.83
58979,POINT (-75.698611 43.913056),0.014629878741809571,0.443,7.46
58981,POINT (-99.323056 41.323889),0.24037160182518277,0.416,7.75
58992,POINT (-71.944722 42.572222),0.016517910097829835,0.482,7.74
58994,POINT (-97.685556 36.476944),0.07463457210300607,0.458,8.06
58995,POINT (-93.192778 44.462222),0.002181697733414948,0.461,7.28
58999,POINT (-98.907222 35.194722),0.021507626205604598,0.475,8.31
59003,POINT (-110.087222 46.449444),0.02566345473626046,0.382,7.49
59005,POINT (-102.577778 34.6675),0.015911929015669055,0.449,8.23
59021,POINT (-87.799167 40.399722),0.011989648243376005,0.395,7.36
59022,POINT (-70.715833 41.978889),0.005387629627214279,0.441,7.5
59024,POINT (-81.496944 41.602222),0.002137593272823775,0.436,7.03
59034,POINT (-98.360833 33.509722),0.053040745969496914,0.419,7.55
59053,POINT (-93.514 42.019),0.02420837022601824,0.427,7.56
59223,POINT (-93.518056 42.014),0.020383528767125972,0.427,7.56
59226,POINT (-93.515833 42.016389),0.02199017473782232,0.427,7.56
59227,POINT (-93.513611 42.019167),0.02432234357540819,0.427,7.56
59061,POINT (-89.047222 40.011111),0.043463915815304816,0.437,7.26
59063,POINT (-97.6425 26.941667),0.037229671849212394,0.409,7.6
59065,POINT (-97.957222 34.827778),0.13872135729584167,0.397,7.41
59066,POINT (-97.691111 26.522222),0.022454717121353655,0.398,7.46
59068,POINT (-101.186622 35.254184),0.04172071739555987,0.478,8.51
59070,POINT (-71.225 44.466944),0.022422711031452405,0.326,6.13
59071,POINT (-94.8861 41.94143),0.002796936180893827,0.441,7.86
59076,POINT (-118.463333 45.88),0.0021129952673900653,0.312,6.41
59083,POINT (-103.474167 39.353333),0.041822159449266386,0.394,7.86
59084,POINT (-96.360833 39.701111),0.11022424964135454,0.469,8.21
59118,POINT (-97.466111 26.195278),0.09949944625473318,0.405,7.63
59712,POINT (-97.377599 26.125979),0.055263083699697055,0.405,7.63
59187,POINT (-98.08 43.16),0.0026016489002156674,0.508,8.69
59193,POINT (-97.500833 27.5925),0.12763141359398772,0.376,7.35
59200,POINT (-99.613889 48.964722),0.0057796471345573424,0.465,8.13
59201,POINT (-92.769722 43.805),0.009518787002560031,0.458,8.04
59222,POINT (-68.21 45.07),0.09146980120236345,0.408,6.99
59224,POINT (-93.523611 42.006944),0.016483942034597385,0.476,7.41
59225,POINT (-93.430278 42.028333),0.01707816632428929,0.454,7.65
59228,POINT (-93.367778 42.498056),0.021073675355754107,0.447,7.89
59230,POINT (-92.672222 41.741944),0.1131577956881368,0.416,7.52
59231,POINT (-93.623056 41.881),0.07208863100379194,0.433,7.19
59232,POINT (-93.700556 41.978),0.025710509991054026,0.434,7.67
59234,POINT (-97.136944 34.386944),0.10189904798868035,0.5,8.59
59235,POINT (-118.206389 35.088889),0.008006800422140881,0.45,9.43
59236,POINT (-118.243333 35.060556),0.007645479775662525,0.517,10.62
59238,POINT (-98.5 33.495278),0.04824628517305634,0.442,7.84
59244,POINT (-101.524722 33.699167),0.10630701587853832,0.434,8.04
59245,POINT (-101.143611 32.931944),0.01083313324943118,0.494,8.65
59247,POINT (-101.742222 33.927778),0.11599561014107165,0.446,8.16
59284,POINT (-98.710278 35.978889),0.019497645652753564,0.533,9.1
59292,POINT (-96.829 42.374),0.11313537848965571,0.467,8.14
59295,POINT (-71.486667 41.581667),0.03974205738258285,0.47,7.34
59296,POINT (-84.593611 41.016944),0.010666516301028356,0.422,7.11
59301,POINT (-71.7075 41.675833),0.053263577921509375,0.471,7.61
59302,POINT (-71.705833 41.6725),0.05565688928605876,0.471,7.61
59313,POINT (-71.699722 41.659722),0.06605006222555858,0.471,7.61
59314,POINT (-71.708333 41.669722),0.059182571497024904,0.471,7.61
59305,POINT (-71.720833 41.695556),0.03618176872403484,0.472,7.65
59306,POINT (-71.728333 41.686389),0.04749467006938937,0.472,7.65
59311,POINT (-98.992222 36.1225),0.009233971680698217,0.496,8.52
59312,POINT (-98.992222 36.1225),0.009233971680698217,0.496,8.52
59320,POINT (-98.806111 26.388611),0.14138509040559544,0.415,7.0
59321,POINT (-98.818333 26.380556),0.13833668537666297,0.368,7.16
59329,POINT (-121.340278 36.421111),0.336867141318359,0.208,4.98
61067,POINT (-121.191589 36.274508),0.25456282894798615,0.208,4.98
61444,POINT (-121.371 36.474),0.3675802381372009,0.208,4.98
59330,POINT (-121.451667 36.505),0.30391578843159844,0.082,3.03
61442,POINT (-121.382 36.464),0.367958133282846,0.082,3.03
61443,POINT (-121.454 36.504),0.3014301707676318,0.082,3.03
59332,POINT (-101.741111 32.7),0.20009406013173534,0.326,6.93
59384,POINT (-101.323611 34.080556),0.06239839901792434,0.459,8.31
59417,POINT (-101.485 33.738889),0.11831947370572173,0.453,8.24
59435,POINT (-97.741389 44.933333),0.05701317501244555,0.472,8.11
59442,POINT (-98.690556 31.8225),0.04625743175966238,0.543,8.55
59448,POINT (-87.885278 42.709444),0.011635421479252532,0.43,7.38
59460,POINT (-97.133611 36.984167),0.306069329727764,0.448,7.91
59837,POINT (-97.2376 37.1146),0.30590997605505515,0.448,7.91
61261,POINT (-97.4271 36.927165),0.062083086464835645,0.448,7.91
59475,POINT (-101.001389 36.243889),0.011203540154789336,0.473,8.39
59547,POINT (-87.378056 40.620556),0.014051276276551073,0.407,7.42
59621,POINT (-102.253333 34.72),0.07892312832750838,0.457,8.29
59622,POINT (-70.615833 41.774444),0.03270113669279014,0.427,7.48
59629,POINT (-74.103333 44.888889),0.0017931550407049998,0.448,7.49
59637,POINT (-94.671667 40.92),0.08742758197503187,0.454,7.96
59639,POINT (-71.117222 41.745556),0.009280889019919625,0.436,6.95
59654,POINT (-98.916667 27.18),0.02886586615709868,0.432,7.79
59655,POINT (-100.275 45.753333),0.08494238297222573,0.437,7.91
59684,POINT (-102.933 48.533),0.02387925813336848,0.483,8.37
59692,POINT (-71.38919 41.79413),0.006024577993514983,0.351,6.11
59724,POINT (-70.728467 42.175083),0.004498982329374137,0.51,7.66
59725,POINT (-70.873372 41.639061),0.013013589243557045,0.467,7.41
59732,POINT (-99.411169 33.628222),0.02181556941727959,0.429,7.73
59733,POINT (-99.532944 33.645964),0.0917321862870415,0.425,7.68
59734,POINT (-101.237233 34.432267),0.012834262931697036,0.505,8.67
59735,POINT (-91.650897 41.916558),0.01247183695370872,0.42,7.28
59736,POINT (-100.592439 42.859103),0.022288011239223426,0.367,7.32
59776,POINT (-89.019 40.537),0.007855268932380888,0.476,7.49
59797,POINT (-74.117778 40.652778),0.006970975039403596,0.342,6.09
59817,POINT (-112.37059 40.50303),0.08185159258682116,0.316,6.1
59838,POINT (-103.34675 33.901781),0.07025505098567496,0.433,8.1
59888,POINT (-99.9247 37.4863),0.007434633615723233,0.487,8.43
59902,POINT (-90.751828 40.588568),0.0645737158060489,0.467,7.54
59903,POINT (-100.947664 47.861531),0.008171876895794407,0.484,8.38
59943,POINT (-101.493407 31.74325),0.24769808042252445,0.468,8.34
59953,POINT (-72.00635 43.06435),0.05970432008658012,0.491,8.0
59965,POINT (-109.36839 37.886706),0.14104944071139883,0.233,5.31
59968,POINT (-76.42 36.31),0.18990387573190665,0.398,6.91
59972,POINT (-101.582 31.727237),0.1635442312067306,0.443,8.1
59974,POINT (-104.212 38.935),0.050014238702600446,0.354,7.64
59975,POINT (-102.173 39.334),0.10636577102150949,0.413,7.85
60013,POINT (-97.696331 36.927071),0.26453779036651237,0.452,7.95
60545,POINT (-97.7053 36.9708),0.2862703342122487,0.452,7.95
60015,POINT (-83.644394 41.101219),0.020155981345494713,0.443,7.29
60128,POINT (-83.641381 41.096111),0.02426885512338455,0.443,7.29
62653,POINT (-83.637778 41.093078),0.02692273658081602,0.443,7.29
60049,POINT (-121.640353 37.713311),0.005640520011490798,0.363,6.95
60059,POINT (-98.571554 26.411689),0.05736137641305381,0.448,7.38
62618,POINT (-98.448267 26.492862),0.15332885224249337,0.448,7.38
60069,POINT (-99.729289 38.697606),0.020217956771143842,0.481,8.42
60087,POINT (-101.381494 34.196962),0.04084428430026405,0.481,8.56
60088,POINT (-102.07455 46.837569),0.010604694290743292,0.513,8.82
60104,POINT (-99 27.32),0.05417854017966724,0.428,7.74
60126,POINT (-83.22865 40.718292),0.07882650671570238,0.418,7.07
60132,POINT (-79.140639 39.200639),0.04920135902594748,0.412,8.24
60143,POINT (-104.505464 37.710444),0.011431980580808106,0.385,7.95
60145,POINT (-103.108047 34.734179),0.008997408071216921,0.493,8.76
60152,POINT (-103.166771 34.727007),0.008189168089619416,0.475,8.56
60210,POINT (-101.187628 34.060333),0.009827795378414243,0.481,8.52
60366,POINT (-101.187628 34.060333),0.009827795378414243,0.481,8.52
60217,POINT (-100.79431 29.72753),0.0822938079383861,0.458,7.92
60218,POINT (-97.181015 36.838884),0.22032667125884398,0.428,7.66
60256,POINT (-100.587557 36.552151),0.008811072636172475,0.5,8.69
60259,POINT (-105.866765 42.728198),0.003521122832279712,0.459,10.03
60262,POINT (-98.210401 41.987656),0.0061336782602307415,0.472,8.3
60314,POINT (-98.210401 41.987656),0.0061336782602307415,0.472,8.3
60270,POINT (-102.665242 34.03821),0.07881169380872541,0.447,8.24
60317,POINT (-103.092227 34.734142),0.01282160255193674,0.431,8.82
60326,POINT (-95.624313 43.200421),0.007641080159244781,0.449,7.95
60329,POINT (-79.188056 39.744722),0.0040236497113975275,0.47,8.55
60338,POINT (-99.118746 34.102943),0.2164879081172936,0.431,7.76
60339,POINT (-99.54 33.35),0.07151586792453903,0.406,7.51
60901,POINT (-99.624257 33.345366),0.14871923341652307,0.406,7.51
60342,POINT (-95.42038 42.355721),0.011898761364098214,0.425,7.68
60354,POINT (-102.78821 46.611515),0.014731190108072103,0.495,8.62
60355,POINT (-102.765089 46.646471),0.03520429412727966,0.495,8.62
60404,POINT (-68.523419 44.777337),0.1372651496702617,0.367,6.54
60414,POINT (-102.474698 34.575311),0.013823157273216308,0.465,8.41
60470,POINT (-84.751 41.121),0.01106628483277039,0.417,7.07
62944,POINT (-84.751 41.121),0.01106628483277039,0.417,7.07
60471,POINT (-89.557033 41.620264),0.011192519868199883,0.415,7.0
60502,POINT (-97.372009 33.703851),0.00834080187991466,0.468,8.12
60503,POINT (-96.836839 45.154947),0.008449353111332807,0.475,8.39
60504,POINT (-96.36824 44.544137),0.013570397193897677,0.48,8.32
60505,POINT (-97.826423 45.051544),0.15351060775073394,0.485,8.44
60541,POINT (-94.339357 41.469985),0.024520522200801288,0.457,7.89
62132,POINT (-94.261358 41.404231),0.10734349673827441,0.457,7.89
60551,POINT (-77.665939 41.869326),0.012379823746721598,0.483,7.85
60574,POINT (-99.596006 36.166503),0.007921117597916767,0.531,9.03
60587,POINT (-88.1975 40.9675),0.010201759162022378,0.396,7.35
60592,POINT (-97.829283 34.682883),0.15565312441452037,0.435,7.77
60619,POINT (-103.845358 39.172111),0.04914342855357273,0.368,7.64
60620,POINT (-98.579264 37.586714),0.14163406151063712,0.467,8.19
60639,POINT (-98.579264 37.586714),0.14163406151063712,0.467,8.19
60645,POINT (-98.91 27.44),0.052106735860154754,0.498,7.77
60655,POINT (-95.2 40.4),0.009562261081978968,0.427,7.66
60657,POINT (-100.934408 35.18172),0.05273739930069454,0.492,8.66
60672,POINT (-94.473482 39.747699),0.07077282173969647,0.432,7.73
60687,POINT (-99.991 37.355),0.011813787622941895,0.476,8.39
60688,POINT (-99.991 37.355),0.011813787622941895,0.476,8.39
60689,POINT (-99.67981 37.854801),0.007317206912472713,0.479,8.38
60700,POINT (-73.140779 41.961067),0.036562809438013426,0.487,8.04
60743,POINT (-99.551356 31.360331),0.08939248255865612,0.525,8.5
61032,POINT (-99.421266 31.242177),0.10819542530993852,0.525,8.5
60856,POINT (-102.052422 34.769544),0.07759612625640228,0.48,8.6
60865,POINT (-70.656489 42.625649),0.01540124115129126,0.462,7.74
60873,POINT (-92.703817 41.4369),0.1368786211868019,0.409,7.46
60883,POINT (-82.898675 43.941851),0.008547787140540717,0.434,7.78
60902,POINT (-100.975128 32.863769),0.037162137250158406,0.417,7.78
60905,POINT (-101.1681 46.9571),0.09969383784868575,0.42,7.69
60911,POINT (-94.754 41.373),0.008116930700703,0.444,7.87
62130,POINT (-94.753929 41.370997),0.006421720174534069,0.444,7.87
60931,POINT (-98.334 40.57),0.13231348890041275,0.43,7.76
60932,POINT (-97.386 41.678),0.15380005819569556,0.469,8.2
61668,POINT (-97.391 41.677),0.1572063863238395,0.469,8.2
60983,POINT (-98.377389 32.371306),0.04954030404630017,0.519,8.86
60987,POINT (-101.318787 31.181377),0.07731164570749106,0.483,8.51
62038,POINT (-101.110787 31.207988),0.14947066790845018,0.483,8.51
60991,POINT (-103.25058 33.3596),0.08056973859955871,0.419,7.99
60999,POINT (-95.9655 38.475),0.3409290782391513,0.471,8.23
61001,POINT (-100.028142 31.112474),0.11136156769730451,0.538,8.56
61002,POINT (-71.249262 41.612027),0.017551929495067863,0.449,7.05
61004,POINT (-84.033742 41.002764),0.07236616438640804,0.438,7.27
61005,POINT (-83.178491 40.591154),0.11353423908670779,0.4,6.87
61039,POINT (-72.993721 42.877215),0.020829115775748353,0.526,9.26
7381,POINT (-72.9628 42.8625),0.013610245919899084,0.526,9.26
61040,POINT (-102.546 37.773),0.020022758351437075,0.463,8.48
61047,POINT (-96.55 44.45),0.017209846135279257,0.494,8.49
61056,POINT (-97.1951 40.895),0.14491769843948796,0.446,7.9
61066,POINT (-118.221 34.691),0.008970160422196515,0.359,6.34
61070,POINT (-92.280725 43.448855),0.021799384142682218,0.489,7.76
61079,POINT (-94.164636 42.106964),0.030632772075018657,0.487,7.6
61100,POINT (-102.637766 48.754492),0.01875724126837426,0.455,8.74
61106,POINT (-84.696781 43.524324),0.09318390520363207,0.432,7.17
61155,POINT (-109.649167 45.855428),0.044055091067900634,0.413,7.98
61161,POINT (-88.072302 39.83188),0.18633207640392255,0.431,7.23
61212,POINT (-98.603358 31.684511),0.07091015053573303,0.494,7.92
61221,POINT (-97.854 35.290759),0.005410001478740564,0.492,8.48
61222,POINT (-121.630163 37.769189),0.011509378480175407,0.423,7.59
61269,POINT (-97.058944 36.550834),0.046385000377272056,0.412,7.5
61270,POINT (-97.8 36.1),0.14747448474905578,0.5,7.85
61303,POINT (-84.9769 40.319),0.007666670985505941,0.389,7.34
61330,POINT (-83.728714 40.793073),0.0006681055305906383,0.389,7.29
61343,POINT (-97.817507 28.170179),0.06742747870861397,0.412,7.07
61344,POINT (-88.993862 41.055385),0.034276912929845714,0.439,7.24
61356,POINT (-83.644131 41.084329),0.024911134478380694,0.462,7.29
61357,POINT (-96.1538 44.478),0.010517136207158792,0.479,8.32
61402,POINT (-99.740278 33.915315),0.2871179269446531,0.452,8.07
61407,POINT (-98.405956 40.240168),0.122433952259984,0.457,8.1
61417,POINT (-101.208955 32.875073),0.04803956686940061,0.478,8.44
61540,POINT (-99.405214 38.874316),0.20201544367201607,0.44,7.92
61564,POINT (-95.349397 43.207406),0.005060145551266354,0.411,7.49
61565,POINT (-92.40718 41.57),0.12530920771036066,0.417,7.55
63641,POINT (-92.1642 41.6744),0.18866046193361022,0.417,7.55
61582,POINT (-118.268616 35.073377),0.005943147482600693,0.549,11.01
61583,POINT (-118.264734 35.060768),0.008241311121411072,0.549,11.01
61584,POINT (-118.2497 35.077872),0.0076710067787836575,0.538,10.86
61589,POINT (-101.78412 34.966012),0.006873463246425111,0.468,8.51
61609,POINT (-94.80199 41.71138),0.012689773402230528,0.467,8.12
61638,POINT (-92.839506 43.429604),0.08811033529047481,0.408,7.45
61644,POINT (-94.475628 40.764914),0.14533047283002934,0.475,7.98
62172,POINT (-94.474375 40.767636),0.1439430396580522,0.475,7.98
61660,POINT (-84.609857 40.131293),0.06423926410692671,0.379,7.21
61673,POINT (-79.242681 42.414911),0.008062028776925377,0.45,8.22
61674,POINT (-102.9619 33.5296),0.17762209651955058,0.406,7.82
61677,POINT (-97.642708 40.631872),0.1326647861793059,0.447,7.93
61734,POINT (-79.1027 42.5809),0.011367041655596431,0.337,6.75
61745,POINT (-98.752 43.719),0.15641382728198996,0.449,7.95
61746,POINT (-98.922 43.717),0.22759767848112902,0.465,8.17
61747,POINT (-98.880073 46.098211),0.061015713140143674,0.491,8.44
61756,POINT (-87.127011 40.692552),0.009697905959530928,0.4,7.25
61773,POINT (-97.496389 26.288889),0.059505932426954844,0.403,7.56
61775,POINT (-73.025764 42.225765),0.004988578254371466,0.494,8.04
61782,POINT (-100.623114 31.048557),0.012541793252962598,0.481,8.4
61784,POINT (-97.964978 42.184336),0.009192770257108391,0.491,8.51
61787,POINT (-90.276024 41.211057),0.06624930616994798,0.402,7.39
61788,POINT (-96.193221 43.912882),0.038874442632667164,0.425,7.66
61789,POINT (-97.040628 38.56564),0.17736322351885253,0.48,8.32
61836,POINT (-98.269562 35.381047),0.07316102299038224,0.522,8.89
61848,POINT (-101.792412 33.553184),0.02366845244200853,0.368,7.4
61858,POINT (-109.476647 45.86584),0.007599583146461399,0.368,8.34
61865,POINT (-99.0387 26.649),0.06955717743697731,0.391,7.35
63101,POINT (-99.05745 26.69842),0.09359206885735141,0.391,7.35
61866,POINT (-95.191808 34.591031),0.005770432392808329,0.494,8.54
61876,POINT (-99.349164 36.174278),0.011425511148295509,0.528,9.02
61889,POINT (-97.3647 42.3119),0.027141759062369673,0.504,8.65
61916,POINT (-83.50721 43.452003),0.058480905439304266,0.443,7.31
61921,POINT (-101.679188 33.150904),0.10566732810571147,0.403,7.73
61925,POINT (-103.966089 34.604989),0.07048219307030382,0.415,8.12
61926,POINT (-97.567042 36.300964),0.10572510522104289,0.468,8.17
61957,POINT (-98.8 37.55),0.20162121100965602,0.49,8.47
61969,POINT (-98.7945 27.614411),0.052331137843545476,0.484,8.33
61970,POINT (-99.477986 34.225882),0.09890369874277238,0.421,7.69
61984,POINT (-101.0744 39.306),0.010804011338377651,0.43,7.94
62220,POINT (-101.0744 39.306),0.010804011338377651,0.43,7.94
61990,POINT (-88.243573 40.089797),0.006269459705585808,0.466,7.2
62035,POINT (-95.772 42.862),0.037656921940053614,0.453,7.97
62079,POINT (-93.418067 42.774955),0.03752733143990458,0.455,8.0
62080,POINT (-95.2263 42.363152),0.056850459575979596,0.45,7.94
62081,POINT (-94.016407 43.430639),0.008512691290068226,0.461,7.99
62103,POINT (-94.128733 42.994681),0.10595622089335442,0.446,7.62
7966,POINT (-94.140556 43.034722),0.07219020797864577,0.446,7.62
62106,POINT (-71.529736 41.79785),0.024004731616913598,0.468,7.45
62107,POINT (-71.539967 41.794583),0.01326485680284426,0.468,7.45
62108,POINT (-71.530622 41.793519),0.022169009202044836,0.468,7.45
62109,POINT (-71.535825 41.796078),0.017666699323868943,0.468,7.45
62110,POINT (-71.540656 41.798456),0.014346224311648356,0.468,7.45
62111,POINT (-71.536189 41.800111),0.019011788185237414,0.468,7.45
62112,POINT (-71.549331 41.799078),0.00919022399074754,0.468,7.45
62133,POINT (-92.499064 41.642776),0.043057564677989886,0.437,7.77
62142,POINT (-100.56428 32.96736),0.030302537781509327,0.408,7.63
62161,POINT (-89.331855 43.101605),0.030675889066172402,0.479,7.28
62227,POINT (-99.1921 33.57824),0.05677176327189235,0.458,8.06
62247,POINT (-97.526 43.039),0.16013938993577156,0.453,7.98
62258,POINT (-98.745522 26.523692),0.08572890278663753,0.425,7.17
62259,POINT (-101.453021 30.594908),0.2638277861958521,0.445,7.41
62269,POINT (-96.126733 44.104377),0.010645482234267926,0.496,8.52
62291,POINT (-95.568888 44.857694),0.22857036034665207,0.46,7.97
62333,POINT (-97.570194 41.165278),0.01121270707724318,0.453,7.98
62356,POINT (-99.264676 34.072251),0.18686974527194142,0.434,7.79
62364,POINT (-95.852766 43.789636),0.005655572915272672,0.49,8.44
62380,POINT (-100.051111 46.373013),0.06774094997857667,0.471,8.23
62417,POINT (-95.8631 28.8433),0.28272548268948344,0.299,7.36
62431,POINT (-103.207412 44.825883),0.011812740325599404,0.458,8.2
62442,POINT (-96.157281 46.505052),0.1229485364207353,0.437,7.78
62445,POINT (-104.42945 37.766416),0.031095347819247617,0.374,7.82
62478,POINT (-94.51027 37.38999),0.031549786449349304,0.464,7.54
62482,POINT (-80.613055 38.112222),0.033206795705099115,0.503,8.34
62488,POINT (-95.2244 37.9788),0.10890865508764819,0.455,8.05
62494,POINT (-98.03436 36.521428),0.007899674550268108,0.494,8.54
62563,POINT (-92.518612 40.398244),0.1513306012179965,0.46,7.5
62566,POINT (-99.563436 34.170488),0.1901429586521693,0.442,7.93
62587,POINT (-100.320309 32.255978),0.039123924777558806,0.502,8.69
62591,POINT (-106.35843 41.932405),0.004371383419465617,0.449,9.53
62624,POINT (-95.38 40.44),0.015436200601181392,0.387,7.15
62630,POINT (-102.949 32.386),0.11345495039441426,0.387,7.42
62642,POINT (-102.056875 33.59145),0.1987949458361548,0.497,7.8
62711,POINT (-96.640609 40.757231),0.08229487883215854,0.401,7.21
62736,POINT (-77.364092 43.22731),0.01813025609306001,0.432,7.13
62745,POINT (-119.6338 45.55975),0.0702299069129297,0.326,6.66
64057,POINT (-119.6338 45.55975),0.0702299069129297,0.326,6.66
62752,POINT (-84.61256 41.192377),0.10261824860130216,0.41,6.99
62765,POINT (-99.726392 33.732181),0.2817473134867394,0.426,7.76
62782,POINT (-97.24161 48.996866),0.12805179299407823,0.355,6.84
62795,POINT (-95.458818 42.326854),0.05597460232104226,0.459,8.1
62840,POINT (-104.003174 40.960618),0.04974268883966806,0.457,8.37
62871,POINT (-99.357603 36.546545),0.0032444142768775983,0.469,8.22
62891,POINT (-86.875007 40.770899),0.16349642548080578,0.414,7.02
62897,POINT (-72.871262 42.212535),0.09766916299937595,0.336,6.38
62935,POINT (-119.3332 45.38),0.028496513067384672,0.366,7.28
64051,POINT (-119.3332 45.38),0.028496513067384672,0.366,7.28
64052,POINT (-119.3332 45.38),0.028496513067384672,0.366,7.28
64053,POINT (-119.33322 45.38),0.028486672269674565,0.366,7.28
62936,POINT (-118.567136 46.941015),0.09058171964032238,0.371,6.78
62938,POINT (-101.816495 46.964077),0.08389312835984014,0.476,8.32
62952,POINT (-102.2113 39.016944),0.04423850740022697,0.422,7.99
63025,POINT (-94.892014 40.369799),0.004825944985180795,0.452,7.76
63030,POINT (-102.315517 35.200164),0.021642766851768663,0.494,8.69
63053,POINT (-94.548094 43.206691),0.0729975473355082,0.455,7.96
63100,POINT (-96.904072 31.549868),0.2739319143619468,0.44,7.28
63103,POINT (-99.603836 44.40104),0.01737377805775329,0.443,7.96
63104,POINT (-97.477464 36.400148),0.04863184464936295,0.473,8.23
63114,POINT (-114.504504 35.791142),0.05611907398558416,0.401,7.61
63133,POINT (-105.107423 41.095126),0.007131632211489599,0.422,9.82
63205,POINT (-122.664447 46.85074),0.04317550233639473,0.29,5.86
63251,POINT (-89.601872 41.203214),0.010638502009217682,0.423,7.63
63269,POINT (-96.929945 45.0054),0.008934137731193784,0.498,8.53
63327,POINT (-96.780459 34.487369),0.029723425526005206,0.45,7.87
63389,POINT (-87.399818 40.381614),0.05221653332039667,0.442,7.31
63393,POINT (-96.861833 42.019972),0.2087596877991521,0.479,8.32
63431,POINT (-95.3725 43.6256),0.0043689142815982315,0.462,8.05
63432,POINT (-96.433333 44.287778),0.006906737869643811,0.469,8.18
63433,POINT (-96.331677 44.315537),0.007071793690423879,0.489,8.5
63436,POINT (-104.984011 41.1133),0.011504787525195698,0.386,8.99
63460,POINT (-96.262481 43.641928),0.0377371388687591,0.426,7.66
63521,POINT (-93.098483 43.140697),0.03568807086408271,0.416,7.53
63578,POINT (-103.184611 33.938421),0.028971477646129878,0.456,8.35
63590,POINT (-100.668949 36.555532),0.009376859708881163,0.476,8.41
63639,POINT (-94.831625 40.667406),0.1780718093270252,0.425,7.63
63666,POINT (-85.113149 40.360533),0.007957246257334506,0.395,7.34
63687,POINT (-84.8653 43.1695),0.2135068904016906,0.437,7.22
63689,POINT (-96.318586 47.870581),0.034181737024330965,0.456,7.42
63803,POINT (-103.025074 39.088845),0.008883943324890922,0.406,7.96
63914,POINT (-105.472139 43.019714),0.03195356333806699,0.489,9.22
63915,POINT (-105.365616 42.969007),0.006272624729725248,0.471,8.97
63916,POINT (-105.584352 43.076692),0.02073719735162474,0.497,9.39
63988,POINT (-88.395079 40.661079),0.007865631125348342,0.394,7.36
64130,POINT (-93.305 43.582),0.012501223620109875,0.423,7.59
64309,POINT (-96.0294 39.6572),0.1770627167813732,0.468,8.19
64332,POINT (-108.806609 46.10265),0.11201876373625116,0.389,7.66
64377,POINT (-97.220567 40.478624),0.01357580115500595,0.438,7.81
692,POINT (-106.242778 41.835278),0.0020138393679813345,0.424,9.22
7501,POINT (-71.9 42.4789),0.007233334016903871,0.562,8.62
7526,POINT (-121.769031 38.116415),0.012917065688456927,0.49,7.7
7771,POINT (-99.777467 42.82579),0.010958495015285737,0.466,8.25
7855,POINT (-96.7347 46.895),0.01327238851902655,0.417,7.48
7886,POINT (-87.6333 44.6694),0.0100287985322181,0.438,7.8
7936,POINT (-119.0964 46.0958),0.029888676467856784,0.394,7.13
7965,POINT (-96.6231 40.9044),0.1623017006226425,0.409,7.12
7974,POINT (-99.24757 43.848529),0.040752449950886636,0.453,8.04
944,POINT (-90.148547 41.451494),0.03544501008604601,0.394,7.27
